Fecha,10708,11709,29531,98576,119517,121559,144199,188974,190618,201996,229437,230652,231634,254195,305702,311170,312798,325719,343676,352501,360932,362963,368336,372881,373737,374504,375549,375704,375987,376139,376822,376938,376948,376991,377360,377442,377475,377519,377628,377957,378031,378069,378210,378256,378730,378903,379109,379324,379571,379595,379620,379689,379819,379820,379950,380028,380045,380320,380425,380432,380439,380542,380797,381112,381839,381978,382105,382163,382164,382315,382391,382595,382799,382884,383186,383209,383303,383811,384254,384758,384766,384837,384854,384978,385231,385425,385520,385547,385800,386121,386720,386986,387051,387381,387464,387478,387539,387596,387782,387789,388146,388174,388386,388418,388884,389036,389089,389137,389253,389257,389405,389637,389781,389898,390019,390122,390655,390675,390981,391029,391156,391494,391842,392008,392278,393248,393499,393500,393980,394286,394393,394487,394587,394603,394848,395127,396116,40007618,40022447,41010972,41045501,41047266,41047973,41048164,41048246,41048320,70012041,70037466,70067434,70148014,70178283,70186629,70190619,70190849,70191222,70191337,70191549,70191585,70192000,70193291,70193340,70193599,70194178,70194184,70194807,70194943,70195423,70195597,70195648,70195675,70195964,70196942,70198463,70199165,70199185,70199469,70199543,70199690,70199922,70199935,70200190,70201171,70201694,70201786,70201937,70203006,70203934,70205016,70205934,70205935,70207238,70207239,70208263,70208918,70209147,110002059,110024107,110050600,110099593,110101378,110104538,110139015,110147067,110147239,110147690,110147730,110148004,110148603,110149195,110149594,110150027,110150165,110150590,110150978,110151497,110152540,110153491,110153596,110154515,110154552,110156155,110157556,120071004,130027010,130057770,130063528,130090622,130121833,130134314,130134436,130142188,130155872,130156213,130156396,130156517,130156698,130156743,130157117,130157715,130158944,130160043,130161079,130161211,130161297,130161539,130161636,130161655,130161734,130161976,130162236,130162874,130162875,130162982,130163172,130163470,130163578,130163750,130163751,130163752,130163754,130163755,130164163,130164353,130164534,130164772,130167020,130168896,130169431,130169498,130169995,130171850,130172012,130173377,140124002,150201291,150267009,151180175,151195293,151215774,151233069,151258403,151261592,151261666,151261672,151261723,151261844,151262425,151262499,151263379,151263606,151263944,151263948,151264019,151264074,151264083,151264088,151264360,151264779,151264794,151264886,151264903,151264937,151265324,151265325,151265579,151265605,151265766,151265767,151265874,151265982,151266131,151266251,151266389,151266572,151266799,151266916,151266917,151266979,151267316,151267411,151267793,151267984,151268474,151268654,200013335,200020463,200028848,200029170,200032351,200034163,200040568,200046859,200048771,200057284,200057987,200061639,200062686,200068910,200074239,200075823,200076604,200085029,200087174,200088815,200096916,200097658,200103553,200110295,200129402,200131218,200137913,200141724,200205615,200206459,200206604,200207064,200207294,200207403,200207717,200207740,200207770,200207926,200208359,200208375,200208481,200208501,200208507,200208606,200208718,200208751,200208860,200208908,200209083,300000235,300000362,300000484,300000526,300000579,300000586,300000982,300001193,300001239,300001264,300001266,300001283,300001313,300001660,300001754,300001944,300001981,300002170,300002240,300002264,300002395,300002433,300002434,300002522,300002638,300003133,300003169,300003320,300003439,300003611,300003710,300003781,300003804,300003829,300003977,300004454,300004840,300005006,300005405,300005520,300005544,300006155,300006427,300006827,300006930,300008064,300009189,300009275,300010117,300011907,300011908,300011909,300012215,310001057,310001109,310001759,310003101,310003507,310003528,310003811,310003819,310003835,310003840,310003842,310003843,310005176,310005607,310007408,310007411,310008929,310008945,310008955,310008964,310008970,310008975,310008979,310008981,310008985,310008993,310008994,310008995,310008997,310009002,310009003,310009012,310009026,310009045,310009046,310009049,310009060,310009074,310009082,310009084,310009097,310009099,310009139,310009179,310009192,310009203,310009218,310009220,310009237,310009252,310009256,310009279,310009319,310009346,310009378,310009385,310009411,310009457,310009484,310009485,310009494,310009535,310009549,310009568,310009592,310009630,310009635,310009655,310009664,310009693,310009695,310009713,310009740,310009744,310009750,310009776,310009797,310009799,310009852,310009954,310010126,310010134,310010192,310010271,310010274,310010279,310010280,310010399,310010418,310010476,310010485,310010642,310010661,310010674,310010701,310010717,310010745,310010757,310010795,310010808,310010914,310010918,310011104,310011218,310011901,310012140,310012161,310012215,310012316,310012839,310013030,310013548,310013685,320000010,320000014,320000020,320000021,320000026,320000036,320000048,320000064,320000073,320000076,320000077,320000090,320000091,320000146,320000212,320000213,320000233,320000240,320000310,320000313,320000317,320000341,320000356,320000364,320000370,320000397,320000493,320002711,320004301,320005426,320008148,320010003,320010246,320013491,320018710,320040067,320040073,320040129,320040166,320040387,320040419,320040996,320041070,320041254,320041422
2018-01-01,0.0,0.0,0.0,0.0,0.0,0.0,0.0,0.0,997.0,0.0,0.0,0.0,0.0,0.0,0.0,0.0,0.0,0.0,0.0,0.0,0.0,0.0,0.0,140.0,151.0,0.0,0.0,0.0,0.0,0.0,0.0,0.0,0.0,0.0,0.0,0.0,0.0,0.0,0.0,0.0,0.0,0.0,0.0,0.0,0.0,0.0,0.0,0.0,0.0,0.0,0.0,0.0,0.0,0.0,0.0,0.0,0.0,0.0,0.0,0.0,0.0,0.0,0.0,0.0,0.0,0.0,0.0,0.0,0.0,0.0,0.0,0.0,0.0,0.0,0.0,0.0,0.0,0.0,0.0,0.0,0.0,0.0,0.0,0.0,0.0,0.0,0.0,0.0,0.0,0.0,0.0,0.0,0.0,0.0,0.0,0.0,0.0,0.0,0.0,0.0,0.0,0.0,0.0,0.0,0.0,0.0,0.0,0.0,0.0,0.0,0.0,0.0,0.0,0.0,0.0,0.0,0.0,0.0,0.0,0.0,0.0,0.0,0.0,0.0,0.0,0.0,0.0,0.0,0.0,0.0,0.0,0.0,0.0,0.0,0.0,0.0,0.0,0.0,0.0,0.0,0.0,0.0,0.0,0.0,0.0,0.0,0.0,0.0,0.0,0.0,0.0,0.0,42.0,418.0,5401.0,31.0,0.0,0.0,0.0,0.0,0.0,0.0,0.0,0.0,0.0,0.0,0.0,0.0,0.0,0.0,0.0,0.0,0.0,0.0,0.0,0.0,0.0,0.0,0.0,0.0,0.0,0.0,0.0,0.0,0.0,0.0,0.0,0.0,0.0,0.0,0.0,0.0,0.0,0.0,0.0,2353.0,0.0,0.0,0.0,0.0,0.0,0.0,5051.0,1408.0,393.0,3616.0,156.0,0.0,0.0,0.0,0.0,0.0,0.0,0.0,0.0,0.0,0.0,0.0,0.0,0.0,0.0,0.0,0.0,0.0,0.0,0.0,0.0,0.0,0.0,0.0,437.0,35.0,69.0,0.0,0.0,0.0,0.0,0.0,0.0,0.0,0.0,0.0,0.0,0.0,0.0,0.0,0.0,0.0,0.0,0.0,0.0,0.0,0.0,0.0,0.0,0.0,0.0,0.0,0.0,0.0,0.0,0.0,0.0,0.0,0.0,0.0,0.0,0.0,0.0,0.0,0.0,0.0,0.0,0.0,0.0,0.0,0.0,0.0,0.0,0.0,0.0,332.0,0.0,1042.0,1146.0,42.0,0.0,0.0,0.0,0.0,0.0,0.0,0.0,0.0,0.0,0.0,0.0,0.0,0.0,0.0,0.0,0.0,0.0,0.0,0.0,0.0,0.0,0.0,0.0,0.0,0.0,0.0,0.0,0.0,0.0,0.0,0.0,0.0,0.0,0.0,0.0,0.0,0.0,0.0,0.0,0.0,967.0,0.0,0.0,3009.0,0.0,0.0,0.0,0.0,0.0,0.0,0.0,0.0,518.0,0.0,0.0,0.0,0.0,0.0,0.0,0.0,0.0,0.0,0.0,0.0,0.0,0.0,0.0,0.0,0.0,0.0,0.0,0.0,0.0,0.0,0.0,0.0,0.0,0.0,0.0,0.0,0.0,0.0,0.0,0.0,0.0,0.0,0.0,0.0,0.0,0.0,0.0,0.0,0.0,0.0,0.0,0.0,0.0,0.0,0.0,0.0,0.0,0.0,0.0,0.0,0.0,0.0,0.0,0.0,0.0,0.0,0.0,0.0,0.0,0.0,0.0,0.0,0.0,0.0,0.0,0.0,0.0,0.0,0.0,0.0,0.0,0.0,0.0,0.0,0.0,0.0,0.0,0.0,0.0,0.0,0.0,0.0,0.0,0.0,0.0,0.0,0.0,0.0,0.0,0.0,0.0,0.0,0.0,0.0,0.0,0.0,0.0,0.0,0.0,0.0,0.0,0.0,0.0,0.0,0.0,0.0,0.0,0.0,0.0,0.0,0.0,0.0,0.0,0.0,0.0,0.0,0.0,0.0,0.0,0.0,0.0,0.0,0.0,0.0,0.0,0.0,0.0,0.0,0.0,0.0,0.0,0.0,0.0,0.0,0.0,0.0,0.0,0.0,0.0,0.0,0.0,0.0,0.0,0.0,0.0,0.0,0.0,0.0,0.0,0.0,0.0,0.0,0.0,0.0,0.0,0.0,0.0,0.0,0.0,0.0,0.0,0.0,0.0,0.0,0.0,0.0,0.0,0.0,0.0,0.0,0.0,0.0,0.0,0.0,0.0,0.0,0.0,0.0,0.0,0.0,0.0,0.0,0.0,0.0,0.0,0.0,0.0,0.0,0.0,0.0,0.0,0.0,0.0,0.0,0.0,0.0,0.0,0.0,0.0,0.0,0.0,0.0,0.0,0.0,0.0,0.0,0.0,0.0,0.0,0.0,0.0,0.0,0.0,0.0,0.0,0.0,0.0,0.0,0.0,0.0,0.0,0.0,0.0,0.0,0.0,0.0,0.0,0.0,0.0,0.0,0.0,0.0,0.0,0.0,0.0,0.0,0.0,0.0,0.0,0.0,0.0,0.0,0.0,0.0
2018-02-01,0.0,0.0,298.0,0.0,0.0,0.0,0.0,0.0,997.0,0.0,0.0,0.0,0.0,0.0,0.0,0.0,0.0,0.0,0.0,0.0,0.0,0.0,3110.0,140.0,151.0,0.0,274.0,285.0,0.0,0.0,0.0,0.0,0.0,0.0,0.0,0.0,0.0,0.0,0.0,0.0,0.0,0.0,0.0,0.0,0.0,0.0,0.0,0.0,0.0,0.0,0.0,0.0,0.0,0.0,0.0,0.0,0.0,0.0,0.0,0.0,0.0,0.0,0.0,0.0,0.0,0.0,0.0,0.0,0.0,0.0,0.0,0.0,0.0,0.0,0.0,0.0,0.0,0.0,0.0,0.0,0.0,0.0,0.0,0.0,0.0,0.0,0.0,0.0,0.0,0.0,0.0,0.0,0.0,0.0,0.0,0.0,0.0,0.0,0.0,0.0,0.0,0.0,0.0,0.0,0.0,0.0,0.0,0.0,0.0,0.0,0.0,0.0,0.0,0.0,0.0,0.0,0.0,0.0,0.0,0.0,0.0,0.0,0.0,0.0,0.0,0.0,0.0,0.0,0.0,0.0,0.0,0.0,0.0,0.0,0.0,0.0,0.0,0.0,0.0,0.0,0.0,315.0,0.0,0.0,0.0,0.0,0.0,0.0,0.0,0.0,0.0,0.0,2461.0,1267.0,10273.0,6921.0,220.0,294.0,814.0,0.0,0.0,0.0,0.0,0.0,0.0,0.0,0.0,0.0,0.0,0.0,0.0,0.0,0.0,0.0,0.0,0.0,0.0,0.0,0.0,0.0,0.0,0.0,0.0,0.0,0.0,0.0,0.0,0.0,0.0,0.0,0.0,0.0,0.0,0.0,0.0,17762.0,0.0,0.0,0.0,0.0,0.0,0.0,9979.0,2345.0,393.0,3814.0,156.0,0.0,341.0,896.0,0.0,0.0,0.0,0.0,0.0,0.0,0.0,0.0,0.0,0.0,0.0,0.0,0.0,572.0,0.0,0.0,0.0,0.0,0.0,0.0,733.0,35.0,902.0,1576.0,2190.0,46.0,5.0,0.0,0.0,0.0,0.0,0.0,0.0,0.0,0.0,0.0,0.0,0.0,0.0,0.0,0.0,0.0,0.0,0.0,0.0,0.0,0.0,0.0,0.0,0.0,0.0,0.0,0.0,0.0,0.0,0.0,0.0,0.0,0.0,0.0,0.0,0.0,0.0,0.0,0.0,0.0,0.0,0.0,0.0,0.0,0.0,332.0,0.0,2032.0,4462.0,42.0,1413.0,12299.0,0.0,0.0,0.0,0.0,0.0,0.0,0.0,0.0,0.0,0.0,0.0,0.0,0.0,0.0,0.0,0.0,0.0,0.0,0.0,0.0,0.0,0.0,0.0,0.0,0.0,0.0,0.0,0.0,0.0,0.0,0.0,0.0,0.0,0.0,0.0,0.0,0.0,0.0,5095.0,0.0,0.0,3009.0,0.0,0.0,0.0,0.0,0.0,0.0,0.0,0.0,5984.0,0.0,0.0,0.0,0.0,501.0,0.0,0.0,0.0,0.0,0.0,0.0,0.0,0.0,0.0,0.0,0.0,0.0,0.0,0.0,0.0,0.0,0.0,0.0,0.0,0.0,0.0,0.0,0.0,0.0,0.0,0.0,0.0,0.0,0.0,0.0,0.0,0.0,0.0,0.0,0.0,0.0,0.0,0.0,0.0,0.0,0.0,0.0,0.0,0.0,0.0,0.0,0.0,0.0,0.0,0.0,0.0,0.0,0.0,0.0,0.0,0.0,0.0,0.0,0.0,0.0,0.0,0.0,0.0,0.0,0.0,0.0,0.0,0.0,0.0,0.0,0.0,0.0,0.0,0.0,0.0,0.0,0.0,0.0,0.0,0.0,0.0,0.0,0.0,0.0,0.0,0.0,0.0,0.0,0.0,0.0,0.0,0.0,0.0,0.0,0.0,0.0,0.0,0.0,0.0,0.0,0.0,0.0,0.0,0.0,0.0,0.0,0.0,0.0,0.0,0.0,0.0,0.0,0.0,0.0,0.0,0.0,0.0,0.0,0.0,0.0,0.0,0.0,0.0,0.0,0.0,0.0,0.0,0.0,0.0,0.0,0.0,0.0,0.0,0.0,0.0,0.0,0.0,0.0,0.0,0.0,0.0,0.0,0.0,0.0,0.0,0.0,0.0,0.0,0.0,0.0,0.0,0.0,0.0,0.0,0.0,0.0,0.0,0.0,0.0,0.0,0.0,0.0,0.0,0.0,0.0,0.0,0.0,0.0,0.0,0.0,0.0,0.0,0.0,0.0,0.0,0.0,0.0,0.0,0.0,0.0,0.0,0.0,0.0,0.0,0.0,0.0,0.0,0.0,0.0,0.0,0.0,0.0,0.0,0.0,0.0,0.0,0.0,0.0,0.0,0.0,0.0,0.0,0.0,0.0,0.0,0.0,0.0,0.0,0.0,0.0,0.0,0.0,0.0,0.0,0.0,0.0,0.0,0.0,0.0,0.0,0.0,0.0,0.0,0.0,0.0,0.0,0.0,0.0,0.0,0.0,0.0,0.0,0.0,0.0,0.0,0.0,0.0,0.0,0.0,0.0
2018-03-01,0.0,0.0,5882.0,0.0,0.0,0.0,0.0,0.0,1298.0,0.0,0.0,0.0,3648.0,0.0,0.0,0.0,0.0,0.0,0.0,0.0,0.0,0.0,3110.0,2358.0,870.0,0.0,274.0,3301.0,12437.0,123.0,0.0,0.0,0.0,0.0,0.0,0.0,0.0,0.0,0.0,0.0,0.0,0.0,0.0,0.0,0.0,0.0,0.0,0.0,0.0,0.0,0.0,0.0,0.0,0.0,0.0,0.0,0.0,0.0,0.0,0.0,0.0,0.0,0.0,0.0,0.0,0.0,0.0,0.0,0.0,0.0,0.0,0.0,0.0,0.0,0.0,0.0,0.0,0.0,0.0,0.0,0.0,0.0,0.0,0.0,0.0,0.0,0.0,0.0,0.0,0.0,0.0,0.0,0.0,0.0,0.0,0.0,0.0,0.0,0.0,0.0,0.0,0.0,0.0,0.0,0.0,0.0,0.0,0.0,0.0,0.0,0.0,0.0,0.0,0.0,0.0,0.0,0.0,0.0,0.0,0.0,0.0,0.0,0.0,0.0,0.0,0.0,0.0,0.0,0.0,0.0,0.0,0.0,0.0,0.0,0.0,0.0,0.0,573.0,2062.0,0.0,0.0,315.0,0.0,0.0,0.0,0.0,0.0,0.0,0.0,0.0,0.0,0.0,2461.0,6195.0,10273.0,10242.0,281.0,360.0,3877.0,0.0,483.0,0.0,0.0,0.0,0.0,0.0,0.0,0.0,0.0,0.0,0.0,0.0,0.0,0.0,0.0,0.0,0.0,0.0,0.0,0.0,0.0,0.0,0.0,0.0,0.0,0.0,0.0,0.0,0.0,0.0,0.0,0.0,0.0,0.0,0.0,17762.0,0.0,0.0,0.0,0.0,0.0,0.0,32685.0,2414.0,393.0,3814.0,156.0,0.0,341.0,3204.0,2085.0,327.0,0.0,0.0,0.0,0.0,0.0,0.0,0.0,0.0,0.0,0.0,0.0,2989.0,0.0,0.0,0.0,0.0,0.0,0.0,770.0,35.0,1826.0,1576.0,6463.0,46.0,63.0,82.0,391.0,0.0,0.0,0.0,0.0,0.0,0.0,0.0,0.0,0.0,0.0,0.0,0.0,0.0,0.0,0.0,0.0,0.0,0.0,0.0,0.0,0.0,0.0,0.0,0.0,0.0,0.0,0.0,0.0,0.0,0.0,0.0,0.0,0.0,0.0,0.0,0.0,0.0,0.0,0.0,0.0,0.0,0.0,332.0,0.0,2032.0,13558.0,42.0,1413.0,24969.0,0.0,0.0,0.0,0.0,0.0,0.0,0.0,0.0,0.0,0.0,0.0,0.0,0.0,0.0,0.0,0.0,0.0,0.0,0.0,0.0,0.0,0.0,0.0,0.0,0.0,0.0,0.0,0.0,0.0,0.0,0.0,0.0,0.0,0.0,0.0,0.0,0.0,0.0,5095.0,0.0,2372.0,3009.0,0.0,0.0,0.0,0.0,0.0,0.0,0.0,0.0,11740.0,0.0,0.0,0.0,0.0,501.0,0.0,0.0,0.0,1782.0,0.0,0.0,0.0,0.0,0.0,0.0,0.0,0.0,0.0,0.0,0.0,0.0,0.0,0.0,0.0,0.0,0.0,0.0,0.0,0.0,0.0,0.0,0.0,0.0,0.0,0.0,0.0,0.0,0.0,0.0,0.0,0.0,0.0,0.0,0.0,0.0,0.0,0.0,0.0,0.0,0.0,0.0,0.0,0.0,0.0,0.0,0.0,0.0,0.0,0.0,0.0,0.0,0.0,0.0,0.0,0.0,0.0,0.0,0.0,0.0,0.0,0.0,0.0,0.0,0.0,0.0,0.0,0.0,0.0,0.0,0.0,0.0,0.0,0.0,0.0,0.0,0.0,0.0,0.0,0.0,0.0,0.0,0.0,0.0,0.0,0.0,0.0,0.0,0.0,0.0,0.0,0.0,0.0,0.0,0.0,0.0,0.0,0.0,0.0,0.0,0.0,0.0,0.0,0.0,0.0,0.0,0.0,0.0,0.0,0.0,0.0,0.0,0.0,0.0,0.0,0.0,0.0,0.0,0.0,0.0,0.0,0.0,0.0,0.0,0.0,0.0,0.0,0.0,0.0,0.0,0.0,0.0,0.0,0.0,0.0,0.0,0.0,0.0,0.0,0.0,0.0,0.0,0.0,0.0,0.0,0.0,0.0,0.0,0.0,0.0,0.0,0.0,0.0,0.0,0.0,0.0,0.0,0.0,0.0,0.0,0.0,0.0,0.0,0.0,0.0,0.0,0.0,0.0,0.0,0.0,0.0,0.0,0.0,0.0,0.0,0.0,0.0,0.0,0.0,0.0,0.0,0.0,0.0,0.0,0.0,0.0,0.0,0.0,0.0,0.0,0.0,0.0,0.0,0.0,0.0,0.0,0.0,0.0,0.0,0.0,0.0,0.0,0.0,0.0,0.0,0.0,0.0,0.0,0.0,0.0,0.0,0.0,0.0,0.0,0.0,0.0,0.0,0.0,0.0,0.0,0.0,0.0,0.0,0.0,0.0,0.0,0.0,0.0,0.0,0.0,0.0,0.0,0.0,0.0,0.0,0.0
2018-04-01,0.0,0.0,10827.0,0.0,0.0,0.0,0.0,0.0,1298.0,0.0,0.0,0.0,3710.0,0.0,0.0,0.0,0.0,0.0,0.0,0.0,370.0,0.0,3494.0,4253.0,913.0,66.0,274.0,5101.0,18906.0,123.0,1790.0,48107.0,1407.0,83.0,0.0,0.0,0.0,0.0,0.0,0.0,0.0,0.0,0.0,0.0,0.0,0.0,0.0,0.0,0.0,0.0,0.0,0.0,0.0,0.0,0.0,0.0,0.0,0.0,0.0,0.0,0.0,0.0,0.0,0.0,0.0,0.0,0.0,0.0,0.0,0.0,0.0,0.0,0.0,0.0,0.0,0.0,0.0,0.0,0.0,0.0,0.0,0.0,0.0,0.0,0.0,0.0,0.0,0.0,0.0,0.0,0.0,0.0,0.0,0.0,0.0,0.0,0.0,0.0,0.0,0.0,0.0,0.0,0.0,0.0,0.0,0.0,0.0,0.0,0.0,0.0,0.0,0.0,0.0,0.0,0.0,0.0,0.0,0.0,0.0,0.0,0.0,0.0,0.0,0.0,0.0,0.0,0.0,0.0,0.0,0.0,0.0,0.0,0.0,0.0,0.0,0.0,0.0,18605.0,2062.0,0.0,0.0,315.0,0.0,0.0,0.0,0.0,0.0,0.0,0.0,0.0,0.0,0.0,3204.0,11123.0,10273.0,10501.0,281.0,360.0,3877.0,0.0,483.0,290.0,0.0,0.0,0.0,0.0,0.0,0.0,0.0,0.0,0.0,0.0,0.0,0.0,0.0,0.0,0.0,0.0,0.0,0.0,0.0,0.0,0.0,0.0,0.0,0.0,0.0,0.0,0.0,0.0,0.0,0.0,0.0,0.0,0.0,17762.0,0.0,0.0,0.0,0.0,0.0,787.0,32685.0,2414.0,393.0,3814.0,156.0,0.0,341.0,5397.0,2085.0,327.0,3776.0,0.0,0.0,0.0,0.0,0.0,0.0,0.0,0.0,0.0,0.0,8794.0,0.0,0.0,0.0,0.0,0.0,0.0,5446.0,610.0,3535.0,1668.0,7106.0,57.0,63.0,82.0,622.0,0.0,0.0,0.0,0.0,0.0,0.0,0.0,0.0,0.0,0.0,0.0,0.0,0.0,0.0,0.0,0.0,0.0,0.0,0.0,0.0,0.0,0.0,0.0,0.0,0.0,0.0,0.0,0.0,0.0,0.0,0.0,0.0,0.0,0.0,0.0,0.0,0.0,0.0,0.0,0.0,0.0,0.0,332.0,0.0,2032.0,15213.0,42.0,1413.0,62732.0,31588.0,4578.0,0.0,0.0,0.0,0.0,0.0,0.0,0.0,0.0,0.0,0.0,0.0,0.0,0.0,0.0,0.0,0.0,0.0,0.0,0.0,0.0,0.0,0.0,0.0,0.0,0.0,0.0,0.0,0.0,0.0,0.0,0.0,0.0,0.0,0.0,0.0,0.0,5095.0,0.0,5994.0,3009.0,0.0,0.0,0.0,0.0,117.0,0.0,0.0,0.0,14999.0,0.0,0.0,0.0,0.0,501.0,0.0,0.0,0.0,1782.0,0.0,0.0,0.0,1248.0,0.0,0.0,0.0,0.0,0.0,0.0,0.0,0.0,0.0,0.0,0.0,0.0,0.0,0.0,0.0,0.0,0.0,0.0,0.0,0.0,0.0,0.0,0.0,0.0,0.0,0.0,0.0,0.0,0.0,0.0,0.0,0.0,0.0,0.0,0.0,0.0,0.0,0.0,0.0,0.0,0.0,0.0,0.0,0.0,0.0,0.0,0.0,0.0,0.0,0.0,0.0,0.0,0.0,0.0,0.0,0.0,0.0,0.0,0.0,0.0,0.0,0.0,0.0,0.0,0.0,0.0,0.0,0.0,0.0,0.0,0.0,0.0,0.0,0.0,0.0,0.0,0.0,0.0,0.0,0.0,0.0,0.0,0.0,0.0,0.0,0.0,0.0,0.0,0.0,0.0,0.0,0.0,0.0,0.0,0.0,0.0,0.0,0.0,0.0,0.0,0.0,0.0,0.0,0.0,0.0,0.0,0.0,0.0,0.0,0.0,0.0,0.0,0.0,0.0,0.0,0.0,0.0,0.0,0.0,0.0,0.0,0.0,0.0,0.0,0.0,0.0,0.0,0.0,0.0,0.0,0.0,0.0,0.0,0.0,0.0,0.0,0.0,0.0,0.0,0.0,0.0,0.0,0.0,0.0,0.0,0.0,0.0,0.0,0.0,0.0,0.0,0.0,0.0,0.0,0.0,0.0,0.0,0.0,0.0,0.0,0.0,0.0,0.0,0.0,0.0,0.0,0.0,0.0,0.0,0.0,0.0,0.0,0.0,0.0,0.0,0.0,0.0,0.0,0.0,0.0,0.0,0.0,0.0,0.0,0.0,0.0,0.0,0.0,0.0,0.0,0.0,0.0,0.0,0.0,0.0,0.0,0.0,0.0,0.0,0.0,0.0,0.0,0.0,0.0,0.0,0.0,0.0,0.0,0.0,0.0,0.0,0.0,0.0,0.0,0.0,0.0,0.0,0.0,0.0,0.0,0.0,0.0,0.0,0.0,0.0,0.0,0.0,0.0,0.0,0.0,0.0,0.0
2018-05-01,0.0,0.0,13694.0,0.0,0.0,0.0,0.0,0.0,1298.0,0.0,0.0,0.0,3710.0,0.0,0.0,0.0,0.0,0.0,0.0,0.0,1005.0,0.0,6132.0,7237.0,939.0,66.0,274.0,5101.0,20463.0,324.0,3345.0,48107.0,3733.0,157.0,15626.0,5168.0,2830.0,60.0,0.0,0.0,0.0,0.0,0.0,0.0,0.0,0.0,0.0,0.0,0.0,0.0,0.0,0.0,0.0,0.0,0.0,0.0,0.0,0.0,0.0,0.0,0.0,0.0,0.0,0.0,0.0,0.0,0.0,0.0,0.0,0.0,0.0,0.0,0.0,0.0,0.0,0.0,0.0,0.0,0.0,0.0,0.0,0.0,0.0,0.0,0.0,0.0,0.0,0.0,0.0,0.0,0.0,0.0,0.0,0.0,0.0,0.0,0.0,0.0,0.0,0.0,0.0,0.0,0.0,0.0,0.0,0.0,0.0,0.0,0.0,0.0,0.0,0.0,0.0,0.0,0.0,0.0,0.0,0.0,0.0,0.0,0.0,0.0,0.0,0.0,0.0,0.0,0.0,0.0,0.0,0.0,0.0,0.0,0.0,0.0,0.0,0.0,0.0,58026.0,2062.0,0.0,0.0,315.0,0.0,0.0,0.0,0.0,140.0,0.0,0.0,0.0,0.0,0.0,3782.0,17015.0,10273.0,11142.0,281.0,360.0,3877.0,0.0,483.0,496.0,0.0,0.0,0.0,0.0,0.0,0.0,0.0,0.0,0.0,0.0,0.0,0.0,0.0,0.0,0.0,0.0,0.0,0.0,0.0,0.0,0.0,0.0,0.0,0.0,0.0,0.0,0.0,0.0,0.0,0.0,0.0,0.0,0.0,17762.0,0.0,0.0,0.0,0.0,0.0,787.0,32685.0,2946.0,393.0,3832.0,156.0,0.0,341.0,5397.0,7912.0,327.0,6926.0,0.0,0.0,0.0,0.0,0.0,0.0,0.0,0.0,0.0,0.0,12395.0,0.0,0.0,0.0,0.0,0.0,0.0,10778.0,1737.0,4075.0,2420.0,11661.0,57.0,63.0,490.0,622.0,174.0,0.0,0.0,0.0,0.0,0.0,0.0,0.0,0.0,0.0,0.0,0.0,0.0,0.0,0.0,0.0,0.0,0.0,0.0,0.0,0.0,0.0,0.0,0.0,0.0,0.0,0.0,0.0,0.0,0.0,0.0,0.0,0.0,0.0,0.0,0.0,0.0,0.0,0.0,0.0,0.0,0.0,641.0,20.0,2032.0,21525.0,42.0,1413.0,86797.0,81054.0,4578.0,43783.0,496.0,10708.0,662.0,1940.0,317.0,758.0,0.0,0.0,0.0,0.0,0.0,0.0,0.0,0.0,0.0,0.0,0.0,0.0,0.0,0.0,0.0,0.0,0.0,0.0,0.0,0.0,0.0,0.0,0.0,0.0,0.0,0.0,0.0,0.0,0.0,5095.0,0.0,10331.0,3009.0,0.0,0.0,0.0,0.0,17057.0,0.0,0.0,0.0,16231.0,0.0,0.0,0.0,0.0,501.0,0.0,0.0,0.0,9487.0,0.0,0.0,0.0,2465.0,0.0,0.0,0.0,0.0,0.0,0.0,0.0,0.0,0.0,0.0,0.0,0.0,0.0,0.0,0.0,0.0,0.0,0.0,0.0,0.0,0.0,0.0,0.0,0.0,0.0,0.0,0.0,0.0,0.0,0.0,0.0,0.0,0.0,0.0,0.0,0.0,0.0,0.0,0.0,0.0,0.0,0.0,0.0,0.0,0.0,0.0,0.0,0.0,0.0,0.0,0.0,0.0,0.0,0.0,0.0,0.0,0.0,0.0,0.0,0.0,0.0,0.0,0.0,0.0,0.0,0.0,0.0,0.0,0.0,0.0,0.0,0.0,0.0,0.0,0.0,0.0,0.0,0.0,0.0,0.0,0.0,0.0,0.0,0.0,0.0,0.0,0.0,0.0,0.0,0.0,0.0,0.0,0.0,0.0,0.0,0.0,0.0,0.0,0.0,0.0,0.0,0.0,0.0,0.0,0.0,0.0,0.0,0.0,0.0,0.0,0.0,0.0,0.0,0.0,0.0,0.0,0.0,0.0,0.0,0.0,0.0,0.0,0.0,0.0,0.0,0.0,0.0,0.0,0.0,0.0,0.0,0.0,0.0,0.0,0.0,0.0,0.0,0.0,0.0,0.0,0.0,0.0,0.0,0.0,0.0,0.0,0.0,0.0,0.0,0.0,0.0,0.0,0.0,0.0,0.0,0.0,0.0,0.0,0.0,0.0,0.0,0.0,0.0,0.0,0.0,0.0,0.0,0.0,0.0,0.0,0.0,0.0,0.0,0.0,0.0,0.0,0.0,0.0,0.0,0.0,0.0,0.0,0.0,0.0,0.0,0.0,0.0,0.0,0.0,0.0,0.0,0.0,0.0,0.0,0.0,0.0,0.0,0.0,0.0,0.0,0.0,0.0,0.0,0.0,0.0,0.0,0.0,0.0,0.0,0.0,0.0,0.0,0.0,0.0,0.0,0.0,0.0,0.0,0.0,0.0,0.0,0.0,0.0,0.0,0.0,0.0,0.0,0.0,0.0,0.0,0.0,0.0
2018-06-01,0.0,0.0,24697.0,0.0,0.0,0.0,0.0,0.0,1298.0,0.0,0.0,0.0,3710.0,0.0,0.0,0.0,0.0,0.0,0.0,0.0,1121.0,0.0,6681.0,10668.0,1214.0,66.0,274.0,5101.0,21109.0,324.0,6282.0,68255.0,7077.0,835.0,28686.0,14167.0,3533.0,62.0,61.0,222.0,1635.0,1225.0,430.0,5962.0,0.0,0.0,0.0,0.0,0.0,0.0,0.0,0.0,0.0,0.0,0.0,0.0,0.0,0.0,0.0,0.0,0.0,0.0,0.0,0.0,0.0,0.0,0.0,0.0,0.0,0.0,0.0,0.0,0.0,0.0,0.0,0.0,0.0,0.0,0.0,0.0,0.0,0.0,0.0,0.0,0.0,0.0,0.0,0.0,0.0,0.0,0.0,0.0,0.0,0.0,0.0,0.0,0.0,0.0,0.0,0.0,0.0,0.0,0.0,0.0,0.0,0.0,0.0,0.0,0.0,0.0,0.0,0.0,0.0,0.0,0.0,0.0,0.0,0.0,0.0,0.0,0.0,0.0,0.0,0.0,0.0,0.0,0.0,0.0,0.0,0.0,0.0,0.0,0.0,0.0,0.0,0.0,0.0,110648.0,2062.0,0.0,152.0,315.0,0.0,0.0,0.0,0.0,140.0,0.0,0.0,0.0,0.0,0.0,4526.0,26533.0,10273.0,14104.0,281.0,360.0,4220.0,0.0,483.0,496.0,8336.0,1814.0,0.0,0.0,0.0,0.0,0.0,0.0,0.0,0.0,0.0,0.0,0.0,0.0,0.0,0.0,0.0,0.0,0.0,0.0,0.0,0.0,0.0,0.0,0.0,0.0,0.0,0.0,0.0,0.0,0.0,0.0,0.0,17762.0,0.0,0.0,0.0,0.0,0.0,3349.0,43633.0,2946.0,393.0,6453.0,156.0,0.0,341.0,5397.0,12866.0,327.0,7637.0,750.0,0.0,0.0,0.0,0.0,0.0,0.0,0.0,0.0,0.0,14213.0,0.0,0.0,0.0,0.0,233.0,13.0,13181.0,2280.0,6260.0,2420.0,11661.0,57.0,63.0,490.0,622.0,535.0,0.0,0.0,0.0,0.0,0.0,0.0,0.0,0.0,0.0,0.0,0.0,0.0,0.0,0.0,0.0,0.0,0.0,0.0,0.0,0.0,0.0,0.0,0.0,0.0,0.0,0.0,0.0,0.0,0.0,0.0,0.0,0.0,0.0,0.0,0.0,0.0,0.0,0.0,0.0,0.0,0.0,641.0,1309.0,2032.0,33461.0,925.0,1413.0,87542.0,146292.0,10523.0,55365.0,496.0,67925.0,21244.0,6391.0,481.0,1516.0,25060.0,178.0,13461.0,5339.0,0.0,0.0,0.0,0.0,0.0,0.0,0.0,0.0,0.0,0.0,0.0,0.0,0.0,0.0,0.0,0.0,0.0,0.0,0.0,0.0,0.0,0.0,0.0,0.0,171.0,5095.0,0.0,10674.0,3009.0,0.0,0.0,0.0,0.0,19271.0,0.0,0.0,0.0,16490.0,0.0,0.0,0.0,0.0,501.0,0.0,0.0,0.0,12618.0,0.0,0.0,0.0,6993.0,0.0,0.0,0.0,0.0,0.0,0.0,0.0,0.0,0.0,0.0,0.0,0.0,0.0,0.0,0.0,0.0,0.0,0.0,0.0,0.0,0.0,0.0,0.0,0.0,0.0,0.0,0.0,0.0,0.0,0.0,0.0,0.0,0.0,0.0,0.0,0.0,0.0,0.0,0.0,0.0,0.0,0.0,0.0,0.0,0.0,0.0,0.0,0.0,0.0,0.0,0.0,0.0,0.0,0.0,0.0,0.0,0.0,0.0,0.0,0.0,0.0,0.0,0.0,0.0,0.0,0.0,0.0,0.0,0.0,0.0,0.0,0.0,0.0,0.0,0.0,0.0,0.0,0.0,0.0,0.0,0.0,0.0,0.0,0.0,0.0,0.0,0.0,0.0,0.0,0.0,0.0,0.0,0.0,0.0,0.0,0.0,0.0,0.0,0.0,0.0,0.0,0.0,0.0,0.0,0.0,0.0,0.0,0.0,0.0,0.0,0.0,0.0,0.0,0.0,0.0,0.0,0.0,0.0,0.0,0.0,0.0,0.0,0.0,0.0,0.0,0.0,0.0,0.0,0.0,0.0,0.0,0.0,0.0,0.0,0.0,0.0,0.0,0.0,0.0,0.0,0.0,0.0,0.0,0.0,0.0,0.0,0.0,0.0,0.0,0.0,0.0,0.0,0.0,0.0,0.0,0.0,0.0,0.0,0.0,0.0,0.0,0.0,0.0,0.0,0.0,0.0,0.0,0.0,0.0,0.0,0.0,0.0,0.0,0.0,0.0,0.0,0.0,0.0,0.0,0.0,0.0,0.0,0.0,0.0,0.0,0.0,0.0,0.0,0.0,0.0,0.0,0.0,0.0,0.0,0.0,0.0,0.0,0.0,0.0,0.0,0.0,0.0,0.0,0.0,0.0,0.0,0.0,0.0,0.0,0.0,0.0,0.0,0.0,0.0,0.0,0.0,0.0,0.0,0.0,0.0,0.0,0.0,0.0,0.0,0.0,0.0,0.0,0.0,0.0,0.0,0.0,0.0
2018-07-01,0.0,0.0,28329.0,0.0,0.0,0.0,0.0,0.0,1400.0,0.0,0.0,0.0,3710.0,0.0,0.0,4368.0,0.0,0.0,0.0,0.0,2484.0,0.0,7312.0,11221.0,3288.0,66.0,274.0,5101.0,22154.0,324.0,6820.0,81505.0,9135.0,1059.0,32072.0,19406.0,6246.0,62.0,161.0,222.0,6941.0,4084.0,2867.0,5962.0,195.0,262.0,0.0,0.0,0.0,0.0,0.0,0.0,0.0,0.0,0.0,0.0,0.0,0.0,0.0,0.0,0.0,0.0,0.0,0.0,0.0,0.0,0.0,0.0,0.0,0.0,0.0,0.0,0.0,0.0,0.0,0.0,0.0,0.0,0.0,0.0,0.0,0.0,0.0,0.0,0.0,0.0,0.0,0.0,0.0,0.0,0.0,0.0,0.0,0.0,0.0,0.0,0.0,0.0,0.0,0.0,0.0,0.0,0.0,0.0,0.0,0.0,0.0,0.0,0.0,0.0,0.0,0.0,0.0,0.0,0.0,0.0,0.0,0.0,0.0,0.0,0.0,0.0,0.0,0.0,0.0,0.0,0.0,0.0,0.0,0.0,0.0,0.0,0.0,0.0,0.0,0.0,0.0,180001.0,2062.0,1992.0,152.0,315.0,0.0,0.0,0.0,0.0,2095.0,0.0,0.0,0.0,0.0,0.0,5186.0,28421.0,10273.0,14682.0,281.0,926.0,4220.0,0.0,483.0,496.0,15231.0,8234.0,0.0,0.0,0.0,0.0,0.0,0.0,0.0,0.0,0.0,0.0,0.0,0.0,0.0,0.0,0.0,0.0,0.0,0.0,0.0,0.0,0.0,0.0,0.0,0.0,0.0,0.0,0.0,0.0,0.0,0.0,0.0,17762.0,0.0,0.0,0.0,0.0,0.0,3349.0,62766.0,2946.0,393.0,7859.0,156.0,0.0,341.0,5397.0,16300.0,327.0,9349.0,750.0,310.0,0.0,0.0,0.0,0.0,0.0,0.0,0.0,0.0,17529.0,0.0,0.0,0.0,0.0,567.0,13.0,15857.0,2280.0,6766.0,2549.0,14904.0,57.0,63.0,490.0,622.0,852.0,2095.0,0.0,0.0,0.0,0.0,0.0,0.0,0.0,0.0,0.0,0.0,0.0,0.0,0.0,0.0,0.0,0.0,0.0,0.0,0.0,0.0,0.0,0.0,0.0,0.0,0.0,0.0,0.0,0.0,0.0,0.0,0.0,0.0,0.0,0.0,0.0,0.0,0.0,0.0,0.0,0.0,641.0,1353.0,9335.0,35965.0,10145.0,1413.0,104847.0,154019.0,19946.0,103199.0,496.0,127226.0,32509.0,8095.0,3320.0,1516.0,37385.0,178.0,90161.0,7109.0,6963.0,4217.0,1913.0,41.0,460.0,0.0,247.0,0.0,0.0,0.0,0.0,0.0,0.0,0.0,0.0,0.0,0.0,0.0,0.0,0.0,0.0,0.0,0.0,0.0,171.0,5095.0,0.0,10674.0,3009.0,0.0,0.0,0.0,0.0,30562.0,5033.0,0.0,0.0,18827.0,0.0,0.0,0.0,0.0,501.0,0.0,0.0,0.0,14217.0,0.0,0.0,0.0,10660.0,0.0,0.0,0.0,0.0,4872.0,0.0,0.0,0.0,0.0,0.0,0.0,0.0,0.0,0.0,0.0,0.0,0.0,0.0,0.0,0.0,0.0,0.0,0.0,0.0,0.0,0.0,0.0,0.0,0.0,0.0,0.0,0.0,0.0,0.0,0.0,0.0,0.0,0.0,0.0,0.0,0.0,0.0,0.0,0.0,0.0,0.0,0.0,0.0,0.0,0.0,0.0,0.0,0.0,0.0,0.0,0.0,0.0,0.0,0.0,0.0,0.0,0.0,0.0,0.0,0.0,0.0,0.0,0.0,0.0,0.0,0.0,0.0,0.0,0.0,0.0,0.0,0.0,0.0,0.0,0.0,0.0,0.0,0.0,0.0,0.0,0.0,0.0,0.0,0.0,0.0,0.0,0.0,0.0,0.0,0.0,0.0,0.0,0.0,0.0,0.0,0.0,0.0,0.0,0.0,0.0,0.0,0.0,0.0,0.0,0.0,0.0,0.0,0.0,0.0,0.0,0.0,0.0,0.0,0.0,0.0,0.0,0.0,0.0,0.0,0.0,0.0,0.0,0.0,0.0,0.0,0.0,0.0,0.0,0.0,0.0,0.0,0.0,0.0,0.0,0.0,0.0,0.0,0.0,0.0,0.0,0.0,0.0,0.0,0.0,0.0,0.0,0.0,0.0,0.0,0.0,0.0,0.0,0.0,0.0,0.0,0.0,0.0,0.0,0.0,0.0,0.0,0.0,0.0,0.0,0.0,0.0,0.0,0.0,0.0,0.0,0.0,0.0,0.0,0.0,0.0,0.0,0.0,0.0,0.0,0.0,0.0,0.0,0.0,0.0,0.0,0.0,0.0,0.0,0.0,0.0,0.0,0.0,0.0,0.0,0.0,0.0,0.0,0.0,0.0,0.0,0.0,0.0,0.0,0.0,0.0,0.0,0.0,0.0,0.0,0.0,0.0,0.0,0.0,0.0,0.0,0.0,0.0,0.0,0.0,0.0,0.0,0.0,0.0,0.0,0.0,0.0,0.0
2018-08-01,0.0,0.0,34612.0,0.0,0.0,0.0,0.0,0.0,1400.0,0.0,0.0,0.0,6681.0,0.0,0.0,7535.0,0.0,0.0,0.0,0.0,4002.0,0.0,7312.0,12333.0,4670.0,66.0,274.0,5101.0,22154.0,1690.0,13011.0,82655.0,11884.0,3178.0,34595.0,26466.0,10129.0,62.0,452.0,222.0,13538.0,4084.0,4664.0,5962.0,718.0,357.0,545.0,3113.0,2993.0,639.0,7696.0,2510.0,1027.0,501.0,0.0,0.0,0.0,0.0,0.0,0.0,0.0,0.0,0.0,0.0,0.0,0.0,0.0,0.0,0.0,0.0,0.0,0.0,0.0,0.0,0.0,0.0,0.0,0.0,0.0,0.0,0.0,0.0,0.0,0.0,0.0,0.0,0.0,0.0,0.0,0.0,0.0,0.0,0.0,0.0,0.0,0.0,0.0,0.0,0.0,0.0,0.0,0.0,0.0,0.0,0.0,0.0,0.0,0.0,0.0,0.0,0.0,0.0,0.0,0.0,0.0,0.0,0.0,0.0,0.0,0.0,0.0,0.0,0.0,0.0,0.0,0.0,0.0,0.0,0.0,0.0,0.0,0.0,0.0,0.0,0.0,0.0,0.0,187931.0,9747.0,2355.0,152.0,315.0,0.0,0.0,0.0,0.0,2099.0,0.0,0.0,0.0,0.0,0.0,5186.0,31596.0,10273.0,14682.0,281.0,926.0,6482.0,0.0,483.0,496.0,21315.0,9745.0,2829.0,187.0,0.0,0.0,0.0,0.0,0.0,0.0,0.0,0.0,0.0,0.0,0.0,0.0,0.0,0.0,0.0,0.0,0.0,0.0,0.0,0.0,0.0,0.0,0.0,0.0,0.0,0.0,0.0,0.0,0.0,17762.0,0.0,0.0,0.0,0.0,0.0,3349.0,62766.0,2946.0,393.0,7866.0,156.0,0.0,341.0,5397.0,17312.0,327.0,9349.0,750.0,1004.0,0.0,0.0,0.0,0.0,0.0,0.0,0.0,0.0,24146.0,0.0,0.0,0.0,873.0,1368.0,366.0,23954.0,2280.0,9523.0,2549.0,20428.0,61.0,63.0,490.0,622.0,1720.0,2815.0,0.0,0.0,0.0,0.0,0.0,0.0,0.0,0.0,0.0,0.0,0.0,0.0,0.0,0.0,0.0,0.0,0.0,0.0,0.0,0.0,0.0,0.0,0.0,0.0,0.0,0.0,0.0,0.0,0.0,0.0,0.0,0.0,0.0,0.0,0.0,0.0,0.0,0.0,0.0,0.0,641.0,1353.0,26222.0,35965.0,13157.0,1899.0,104847.0,154019.0,37889.0,153283.0,1722.0,127226.0,60300.0,15658.0,11062.0,1516.0,37385.0,178.0,109063.0,9274.0,6963.0,4217.0,1913.0,298.0,3399.0,0.0,10474.0,11460.0,1715.0,34671.0,134.0,3804.0,0.0,0.0,0.0,0.0,0.0,0.0,0.0,0.0,0.0,0.0,0.0,4370.0,171.0,5095.0,0.0,11716.0,3009.0,0.0,0.0,0.0,0.0,45340.0,6133.0,0.0,0.0,19629.0,0.0,0.0,0.0,0.0,501.0,0.0,0.0,2363.0,14217.0,0.0,0.0,0.0,12908.0,0.0,0.0,0.0,0.0,9890.0,0.0,0.0,0.0,0.0,0.0,0.0,0.0,0.0,0.0,0.0,0.0,0.0,0.0,0.0,0.0,0.0,0.0,0.0,0.0,0.0,0.0,0.0,0.0,0.0,0.0,0.0,0.0,0.0,0.0,0.0,0.0,0.0,0.0,0.0,0.0,0.0,0.0,0.0,0.0,0.0,0.0,0.0,0.0,0.0,0.0,0.0,0.0,0.0,0.0,0.0,0.0,0.0,0.0,0.0,0.0,0.0,0.0,0.0,0.0,0.0,0.0,0.0,0.0,0.0,0.0,0.0,0.0,0.0,0.0,0.0,0.0,0.0,0.0,0.0,0.0,0.0,0.0,0.0,0.0,0.0,0.0,0.0,0.0,0.0,0.0,0.0,0.0,0.0,0.0,0.0,0.0,0.0,0.0,0.0,0.0,0.0,0.0,0.0,0.0,0.0,0.0,0.0,0.0,0.0,0.0,0.0,0.0,0.0,0.0,0.0,0.0,0.0,0.0,0.0,0.0,0.0,0.0,0.0,0.0,0.0,0.0,0.0,0.0,0.0,0.0,0.0,0.0,0.0,0.0,0.0,0.0,0.0,0.0,0.0,0.0,0.0,0.0,0.0,0.0,0.0,0.0,0.0,0.0,0.0,0.0,0.0,0.0,0.0,0.0,0.0,0.0,0.0,0.0,0.0,0.0,0.0,0.0,0.0,0.0,0.0,0.0,0.0,0.0,0.0,0.0,0.0,0.0,0.0,0.0,0.0,0.0,0.0,0.0,0.0,0.0,0.0,0.0,0.0,0.0,0.0,0.0,0.0,0.0,0.0,0.0,0.0,0.0,0.0,0.0,0.0,0.0,0.0,0.0,0.0,0.0,0.0,0.0,0.0,0.0,0.0,0.0,0.0,0.0,0.0,0.0,0.0,0.0,0.0,0.0,0.0,0.0,0.0,0.0,0.0,0.0,0.0,0.0,0.0,0.0,0.0,0.0,0.0,0.0,0.0,0.0,0.0,0.0
2018-09-01,0.0,0.0,37645.0,0.0,0.0,0.0,0.0,0.0,1400.0,0.0,0.0,0.0,6681.0,621.0,0.0,15018.0,0.0,0.0,0.0,0.0,6164.0,0.0,7312.0,12890.0,4843.0,167.0,274.0,5101.0,22154.0,1690.0,19966.0,83691.0,25346.0,4507.0,55856.0,33154.0,13103.0,62.0,1064.0,222.0,18623.0,4084.0,5102.0,13661.0,718.0,357.0,545.0,7825.0,9825.0,1235.0,20085.0,7872.0,8198.0,7563.0,3296.0,1624.0,1486.0,2140.0,0.0,0.0,0.0,0.0,0.0,0.0,0.0,0.0,0.0,0.0,0.0,0.0,0.0,0.0,0.0,0.0,0.0,0.0,0.0,0.0,0.0,0.0,0.0,0.0,0.0,0.0,0.0,0.0,0.0,0.0,0.0,0.0,0.0,0.0,0.0,0.0,0.0,0.0,0.0,0.0,0.0,0.0,0.0,0.0,0.0,0.0,0.0,0.0,0.0,0.0,0.0,0.0,0.0,0.0,0.0,0.0,0.0,0.0,0.0,0.0,0.0,0.0,0.0,0.0,0.0,0.0,0.0,0.0,0.0,0.0,0.0,0.0,0.0,0.0,0.0,0.0,0.0,0.0,0.0,187931.0,17822.0,2766.0,152.0,315.0,0.0,0.0,0.0,0.0,4228.0,0.0,0.0,0.0,0.0,0.0,5570.0,32171.0,23108.0,14728.0,281.0,926.0,9075.0,0.0,1089.0,2390.0,25291.0,10070.0,10042.0,365.0,0.0,0.0,0.0,0.0,0.0,0.0,0.0,0.0,0.0,0.0,0.0,0.0,0.0,0.0,0.0,0.0,0.0,0.0,0.0,0.0,0.0,0.0,0.0,0.0,0.0,0.0,0.0,0.0,0.0,18890.0,0.0,0.0,0.0,0.0,0.0,3349.0,74765.0,2946.0,393.0,7866.0,156.0,0.0,341.0,5397.0,23726.0,327.0,12289.0,750.0,5969.0,0.0,0.0,0.0,0.0,0.0,0.0,0.0,0.0,27289.0,0.0,1022.0,0.0,1485.0,6431.0,366.0,30488.0,2398.0,13353.0,2549.0,28756.0,61.0,63.0,490.0,622.0,3398.0,2815.0,804.0,9606.0,898.0,444.0,50.0,3718.0,0.0,0.0,0.0,0.0,0.0,0.0,0.0,0.0,0.0,0.0,0.0,0.0,0.0,0.0,0.0,0.0,0.0,0.0,0.0,0.0,0.0,0.0,0.0,0.0,0.0,0.0,0.0,9545.0,0.0,3780.0,0.0,0.0,0.0,0.0,641.0,1353.0,35330.0,35965.0,13689.0,6919.0,104847.0,175154.0,60985.0,168318.0,1722.0,129951.0,111433.0,26586.0,17985.0,1516.0,39446.0,178.0,113118.0,11622.0,6963.0,4217.0,1913.0,298.0,15128.0,0.0,10474.0,21944.0,1715.0,81059.0,3072.0,8966.0,0.0,4730.0,3547.0,1889.0,5596.0,0.0,0.0,0.0,0.0,0.0,0.0,6546.0,171.0,5095.0,0.0,12982.0,3009.0,0.0,0.0,0.0,0.0,50445.0,15221.0,0.0,0.0,20002.0,0.0,0.0,0.0,0.0,501.0,0.0,5532.0,3119.0,15587.0,0.0,0.0,0.0,17834.0,34960.0,0.0,0.0,0.0,14739.0,0.0,0.0,0.0,0.0,0.0,0.0,0.0,0.0,0.0,0.0,0.0,0.0,0.0,0.0,0.0,0.0,0.0,0.0,0.0,0.0,0.0,0.0,0.0,0.0,0.0,0.0,0.0,0.0,0.0,0.0,0.0,0.0,0.0,0.0,0.0,0.0,0.0,0.0,0.0,0.0,0.0,0.0,0.0,0.0,0.0,0.0,0.0,0.0,0.0,0.0,0.0,0.0,0.0,0.0,0.0,0.0,0.0,0.0,0.0,0.0,0.0,0.0,0.0,0.0,0.0,0.0,0.0,0.0,0.0,0.0,0.0,0.0,0.0,0.0,0.0,0.0,0.0,0.0,0.0,0.0,0.0,0.0,0.0,0.0,0.0,0.0,0.0,0.0,0.0,0.0,0.0,0.0,0.0,0.0,0.0,0.0,0.0,0.0,0.0,0.0,0.0,0.0,0.0,0.0,0.0,0.0,0.0,0.0,0.0,0.0,0.0,0.0,0.0,0.0,0.0,0.0,0.0,0.0,0.0,0.0,0.0,0.0,0.0,0.0,0.0,0.0,0.0,0.0,0.0,0.0,0.0,0.0,0.0,0.0,0.0,0.0,0.0,0.0,0.0,0.0,0.0,0.0,0.0,0.0,0.0,0.0,0.0,0.0,0.0,0.0,0.0,0.0,0.0,0.0,0.0,0.0,0.0,0.0,0.0,0.0,0.0,0.0,0.0,0.0,0.0,0.0,0.0,0.0,0.0,0.0,0.0,0.0,0.0,0.0,0.0,0.0,0.0,0.0,0.0,0.0,0.0,0.0,0.0,0.0,0.0,0.0,0.0,0.0,0.0,0.0,0.0,0.0,0.0,0.0,0.0,0.0,0.0,0.0,0.0,0.0,0.0,0.0,0.0,0.0,0.0,0.0,0.0,0.0,0.0,0.0,0.0,0.0,0.0,0.0,0.0,0.0,0.0,0.0,0.0,0.0,0.0,0.0,0.0,0.0,0.0,0.0,0.0
2018-10-01,0.0,0.0,39969.0,0.0,0.0,0.0,0.0,0.0,1400.0,0.0,0.0,0.0,6681.0,742.0,0.0,19999.0,0.0,0.0,0.0,0.0,6374.0,0.0,7312.0,14014.0,6469.0,261.0,274.0,5101.0,22154.0,1690.0,27816.0,83691.0,25498.0,8266.0,58134.0,36194.0,14309.0,62.0,1659.0,222.0,21063.0,4931.0,5102.0,35738.0,718.0,357.0,3259.0,8306.0,10369.0,1235.0,39962.0,11928.0,11157.0,10755.0,3296.0,2461.0,1700.0,6360.0,631.0,993.0,0.0,35610.0,174.0,1086.0,0.0,0.0,0.0,0.0,0.0,0.0,0.0,0.0,0.0,0.0,0.0,0.0,0.0,0.0,0.0,0.0,0.0,0.0,0.0,0.0,0.0,0.0,0.0,0.0,0.0,0.0,0.0,0.0,0.0,0.0,0.0,0.0,0.0,0.0,0.0,0.0,0.0,0.0,0.0,0.0,0.0,0.0,0.0,0.0,0.0,0.0,0.0,0.0,0.0,0.0,0.0,0.0,0.0,0.0,0.0,0.0,0.0,0.0,0.0,0.0,0.0,0.0,0.0,0.0,0.0,0.0,0.0,0.0,0.0,0.0,0.0,0.0,0.0,187931.0,35066.0,3779.0,152.0,315.0,0.0,0.0,0.0,0.0,4954.0,0.0,0.0,0.0,0.0,0.0,5570.0,35487.0,39291.0,14908.0,281.0,926.0,11045.0,0.0,1089.0,12733.0,26593.0,10558.0,17448.0,1053.0,1010.0,17009.0,463.0,5.0,0.0,0.0,0.0,0.0,0.0,0.0,0.0,0.0,0.0,0.0,0.0,0.0,0.0,0.0,0.0,0.0,0.0,0.0,0.0,0.0,0.0,0.0,0.0,0.0,0.0,19696.0,0.0,0.0,0.0,0.0,0.0,3349.0,77925.0,2946.0,393.0,8054.0,156.0,0.0,341.0,5397.0,56686.0,327.0,13597.0,750.0,6042.0,0.0,0.0,0.0,0.0,0.0,0.0,0.0,0.0,33218.0,0.0,2530.0,0.0,1485.0,6431.0,366.0,31882.0,2574.0,16178.0,2963.0,30452.0,61.0,63.0,490.0,622.0,4818.0,3652.0,1713.0,13553.0,898.0,1708.0,848.0,25125.0,312.0,6188.0,1591.0,0.0,0.0,0.0,0.0,0.0,0.0,0.0,0.0,0.0,0.0,0.0,0.0,0.0,0.0,0.0,0.0,0.0,0.0,0.0,0.0,0.0,0.0,0.0,0.0,16812.0,0.0,3780.0,0.0,0.0,0.0,0.0,641.0,1353.0,35330.0,35965.0,13689.0,6919.0,105846.0,203556.0,121112.0,168318.0,2574.0,133451.0,158416.0,38529.0,27082.0,1516.0,39446.0,178.0,113118.0,11622.0,20447.0,4217.0,1913.0,298.0,22117.0,0.0,10474.0,25359.0,2028.0,207972.0,5939.0,8966.0,0.0,4730.0,12733.0,4017.0,5596.0,1555.0,14007.0,13387.0,4189.0,1176.0,0.0,9433.0,171.0,5095.0,0.0,15394.0,3009.0,0.0,0.0,0.0,0.0,59285.0,15221.0,0.0,20458.0,26736.0,0.0,0.0,0.0,0.0,501.0,0.0,11530.0,4481.0,15587.0,0.0,0.0,0.0,20265.0,81455.0,0.0,0.0,0.0,18052.0,0.0,0.0,0.0,0.0,0.0,0.0,0.0,0.0,0.0,0.0,0.0,0.0,0.0,0.0,0.0,0.0,0.0,0.0,0.0,0.0,0.0,0.0,0.0,0.0,0.0,0.0,0.0,0.0,0.0,0.0,0.0,0.0,0.0,0.0,0.0,0.0,0.0,0.0,0.0,0.0,0.0,0.0,0.0,0.0,0.0,0.0,0.0,0.0,0.0,0.0,0.0,0.0,0.0,0.0,0.0,0.0,0.0,0.0,0.0,0.0,0.0,0.0,0.0,0.0,0.0,0.0,0.0,0.0,0.0,0.0,0.0,0.0,0.0,0.0,0.0,0.0,0.0,0.0,0.0,0.0,0.0,0.0,0.0,0.0,0.0,0.0,0.0,0.0,0.0,0.0,0.0,0.0,0.0,0.0,0.0,0.0,0.0,0.0,0.0,0.0,0.0,0.0,0.0,0.0,0.0,0.0,0.0,0.0,0.0,0.0,0.0,0.0,0.0,0.0,0.0,0.0,0.0,0.0,0.0,0.0,0.0,0.0,0.0,0.0,0.0,0.0,0.0,0.0,0.0,0.0,0.0,0.0,0.0,0.0,0.0,0.0,0.0,0.0,0.0,0.0,0.0,0.0,0.0,0.0,0.0,0.0,0.0,0.0,0.0,0.0,0.0,0.0,0.0,0.0,0.0,0.0,0.0,0.0,0.0,0.0,0.0,0.0,0.0,0.0,0.0,0.0,0.0,0.0,0.0,0.0,0.0,0.0,0.0,0.0,0.0,0.0,0.0,0.0,0.0,0.0,0.0,0.0,0.0,0.0,0.0,0.0,0.0,0.0,0.0,0.0,0.0,0.0,0.0,0.0,0.0,0.0,0.0,0.0,0.0,0.0,0.0,0.0,0.0,0.0,0.0,0.0,0.0,0.0,0.0,0.0,0.0,0.0,0.0,0.0,0.0,0.0,0.0,0.0,0.0,0.0,0.0,0.0,0.0,0.0,0.0,0.0,0.0
2018-11-01,0.0,0.0,42135.0,0.0,0.0,0.0,0.0,0.0,1400.0,0.0,0.0,0.0,6681.0,746.0,0.0,26591.0,0.0,0.0,0.0,0.0,6374.0,0.0,7312.0,14501.0,7905.0,835.0,274.0,5101.0,22154.0,1690.0,41864.0,83691.0,26024.0,11533.0,58675.0,38338.0,17085.0,62.0,1855.0,222.0,21730.0,5617.0,5102.0,41590.0,718.0,357.0,4076.0,8761.0,10439.0,1235.0,52937.0,17722.0,11157.0,10755.0,3296.0,2833.0,3361.0,6360.0,925.0,2390.0,0.0,95961.0,5952.0,2715.0,0.0,0.0,0.0,0.0,0.0,0.0,0.0,0.0,0.0,0.0,0.0,0.0,0.0,0.0,0.0,0.0,0.0,0.0,0.0,0.0,0.0,0.0,0.0,0.0,0.0,0.0,0.0,0.0,0.0,0.0,0.0,0.0,0.0,0.0,0.0,0.0,0.0,0.0,0.0,0.0,0.0,0.0,0.0,0.0,0.0,0.0,0.0,0.0,0.0,0.0,0.0,0.0,0.0,0.0,0.0,0.0,0.0,0.0,0.0,0.0,0.0,0.0,0.0,0.0,0.0,0.0,0.0,0.0,0.0,0.0,0.0,0.0,0.0,187931.0,42695.0,5084.0,152.0,315.0,0.0,0.0,0.0,0.0,5415.0,0.0,0.0,0.0,0.0,0.0,5570.0,42808.0,39291.0,15464.0,281.0,926.0,11891.0,0.0,6605.0,19032.0,28846.0,11682.0,27848.0,2023.0,1010.0,24412.0,463.0,614.0,1333.0,0.0,0.0,0.0,0.0,0.0,0.0,0.0,0.0,0.0,0.0,0.0,0.0,0.0,0.0,0.0,0.0,0.0,0.0,0.0,0.0,0.0,0.0,0.0,0.0,34612.0,0.0,0.0,0.0,0.0,0.0,3349.0,89164.0,3041.0,393.0,8054.0,156.0,0.0,341.0,5397.0,56686.0,327.0,13597.0,885.0,6674.0,0.0,0.0,0.0,0.0,0.0,0.0,0.0,0.0,34975.0,0.0,4367.0,0.0,1485.0,10974.0,366.0,34730.0,2574.0,16454.0,3583.0,33417.0,122.0,601.0,586.0,622.0,5356.0,4517.0,2176.0,13769.0,898.0,2220.0,2474.0,28565.0,1579.0,6188.0,36525.0,6.0,510.0,0.0,0.0,0.0,0.0,0.0,0.0,0.0,0.0,0.0,0.0,0.0,0.0,0.0,0.0,0.0,0.0,0.0,0.0,0.0,0.0,0.0,0.0,17661.0,0.0,3780.0,0.0,0.0,0.0,0.0,641.0,1353.0,38589.0,36736.0,13689.0,6919.0,105846.0,203556.0,121112.0,169259.4,2574.0,135650.0,218174.0,40937.0,33315.0,1516.0,39446.0,2394.0,113118.0,11622.0,20447.0,4217.0,1913.0,610.0,22916.0,0.0,10474.0,27065.0,3449.0,228582.0,8556.0,8966.0,0.0,4730.0,13954.0,5174.0,5596.0,3023.0,14007.0,50420.0,10306.0,10995.0,71.0,10828.0,681.0,5095.0,0.0,19469.0,3009.0,0.0,0.0,0.0,0.0,65388.5,15221.0,0.0,56741.0,27942.0,0.0,0.0,0.0,0.0,501.0,0.0,12450.0,6721.0,15587.0,0.0,0.0,0.0,22242.0,86381.0,0.0,0.0,0.0,18382.0,0.0,0.0,0.0,18104.0,0.0,0.0,0.0,0.0,0.0,0.0,0.0,0.0,0.0,0.0,0.0,0.0,696.0,1803.0,538.0,0.0,0.0,0.0,0.0,0.0,0.0,0.0,0.0,0.0,0.0,0.0,0.0,0.0,0.0,0.0,0.0,0.0,0.0,0.0,0.0,0.0,0.0,0.0,0.0,0.0,0.0,0.0,0.0,0.0,0.0,0.0,0.0,0.0,0.0,0.0,0.0,0.0,0.0,0.0,0.0,0.0,0.0,0.0,0.0,0.0,0.0,0.0,0.0,0.0,0.0,0.0,0.0,0.0,0.0,0.0,0.0,0.0,0.0,0.0,0.0,0.0,0.0,0.0,0.0,0.0,0.0,0.0,0.0,0.0,0.0,0.0,0.0,0.0,0.0,0.0,0.0,0.0,0.0,0.0,0.0,0.0,0.0,0.0,0.0,0.0,0.0,0.0,0.0,0.0,0.0,0.0,0.0,0.0,0.0,0.0,0.0,0.0,0.0,0.0,0.0,0.0,0.0,0.0,0.0,0.0,0.0,0.0,0.0,0.0,0.0,0.0,0.0,0.0,0.0,0.0,0.0,0.0,0.0,0.0,0.0,0.0,0.0,0.0,0.0,0.0,0.0,0.0,0.0,0.0,0.0,0.0,0.0,0.0,0.0,0.0,0.0,0.0,0.0,0.0,0.0,0.0,0.0,0.0,0.0,0.0,0.0,0.0,0.0,0.0,0.0,0.0,0.0,0.0,0.0,0.0,0.0,0.0,0.0,0.0,0.0,0.0,0.0,0.0,0.0,0.0,0.0,0.0,0.0,0.0,0.0,0.0,0.0,0.0,0.0,0.0,0.0,0.0,0.0,0.0,0.0,0.0,0.0,0.0,0.0,0.0,0.0,0.0,0.0,0.0,0.0,0.0,0.0,0.0,0.0,0.0,0.0,0.0,0.0,0.0,0.0,0.0,0.0,0.0,0.0,0.0,0.0,0.0,0.0
2018-12-01,0.0,0.0,50073.0,0.0,0.0,0.0,0.0,0.0,1400.0,0.0,0.0,0.0,6681.0,746.0,0.0,32440.0,0.0,0.0,0.0,0.0,6574.0,0.0,7312.0,14501.0,9927.0,835.0,274.0,5101.0,24680.0,1690.0,58964.0,83691.0,30886.0,13808.0,61594.0,40951.0,18376.0,62.0,2151.0,222.0,26074.0,5617.0,5102.0,41590.0,718.0,357.0,4708.0,8761.0,10439.0,1235.0,66666.0,19595.0,11157.0,10755.0,3296.0,3018.0,7230.0,6360.0,1188.0,3454.0,0.0,104266.0,5952.0,5653.0,6469.0,1037.0,0.0,2940.0,534.0,2058.0,4832.0,0.0,0.0,0.0,0.0,0.0,0.0,0.0,0.0,0.0,0.0,0.0,0.0,0.0,0.0,0.0,0.0,0.0,0.0,0.0,0.0,0.0,0.0,0.0,0.0,0.0,0.0,0.0,0.0,0.0,0.0,0.0,0.0,0.0,0.0,0.0,0.0,0.0,0.0,0.0,0.0,0.0,0.0,0.0,0.0,0.0,0.0,0.0,0.0,0.0,0.0,0.0,0.0,0.0,0.0,0.0,0.0,0.0,0.0,0.0,0.0,0.0,0.0,0.0,0.0,0.0,0.0,187931.0,44021.0,10075.0,152.0,315.0,0.0,0.0,0.0,0.0,5754.0,0.0,0.0,0.0,0.0,0.0,6616.0,47494.0,39291.0,16493.0,509.0,988.0,12569.0,0.0,7113.0,26427.0,28966.0,16145.0,43625.0,2529.0,1010.0,28121.0,501.0,1224.0,2671.0,0.0,0.0,0.0,0.0,0.0,0.0,0.0,0.0,0.0,0.0,0.0,0.0,0.0,0.0,0.0,0.0,0.0,0.0,0.0,0.0,0.0,0.0,0.0,0.0,43608.0,0.0,0.0,0.0,0.0,0.0,3349.0,117008.0,3041.0,393.0,8054.0,156.0,0.0,341.0,5397.0,72559.0,327.0,15170.0,1953.0,6820.0,0.0,0.0,0.0,0.0,0.0,0.0,0.0,0.0,34975.0,0.0,8252.0,0.0,1485.0,10974.0,366.0,37746.0,3234.0,16706.0,4207.0,34550.0,122.0,601.0,586.0,1121.0,5356.0,6940.0,3902.0,14918.0,898.0,2946.0,6595.0,31365.0,1579.0,6188.0,39065.0,224.0,2089.0,18.0,1899.0,0.0,0.0,0.0,0.0,0.0,0.0,0.0,0.0,0.0,0.0,0.0,0.0,0.0,0.0,0.0,0.0,0.0,0.0,0.0,1705.0,64823.0,272.0,3780.0,0.0,0.0,0.0,0.0,684.0,1353.0,40638.0,36736.0,13689.0,8999.0,110539.0,225022.0,121224.0,191031.4,3690.0,138659.0,218174.0,42977.0,38358.0,6753.0,40710.0,2578.0,113118.0,12200.0,20447.0,7045.0,3829.0,610.0,23796.0,0.0,10474.0,27138.0,3556.0,255600.0,9180.0,8966.0,0.0,4730.0,20777.0,6331.0,5596.0,3899.0,14007.0,69906.0,14281.0,15778.0,153.0,15494.0,681.0,5095.0,0.0,20114.0,3009.0,0.0,0.0,0.0,0.0,70424.5,17328.0,0.0,70949.0,29263.0,0.0,0.0,0.0,0.0,501.0,0.0,13370.0,14538.0,15587.0,0.0,0.0,0.0,22566.0,98623.0,566.0,0.0,0.0,20697.0,0.0,1672.0,0.0,39250.0,0.0,0.0,0.0,0.0,0.0,0.0,0.0,0.0,0.0,0.0,0.0,0.0,11573.0,2443.0,3542.0,204026.0,1963.0,2686.0,897.0,1187.0,83.0,3923.0,4968.0,0.0,0.0,0.0,0.0,0.0,0.0,0.0,0.0,0.0,0.0,0.0,0.0,0.0,0.0,0.0,0.0,0.0,0.0,0.0,0.0,0.0,0.0,0.0,0.0,0.0,0.0,0.0,0.0,0.0,0.0,0.0,0.0,0.0,0.0,0.0,0.0,0.0,0.0,0.0,0.0,0.0,0.0,0.0,0.0,0.0,0.0,0.0,0.0,0.0,0.0,0.0,0.0,0.0,0.0,0.0,0.0,0.0,0.0,0.0,0.0,0.0,0.0,0.0,0.0,0.0,0.0,0.0,0.0,0.0,0.0,0.0,0.0,0.0,0.0,0.0,0.0,0.0,0.0,0.0,0.0,0.0,0.0,0.0,0.0,0.0,0.0,0.0,0.0,0.0,0.0,0.0,0.0,0.0,0.0,0.0,0.0,0.0,0.0,0.0,0.0,0.0,0.0,0.0,0.0,0.0,0.0,0.0,0.0,0.0,0.0,0.0,0.0,0.0,0.0,0.0,0.0,0.0,0.0,0.0,0.0,0.0,0.0,0.0,0.0,0.0,0.0,0.0,0.0,0.0,0.0,0.0,0.0,0.0,0.0,0.0,0.0,0.0,0.0,0.0,0.0,0.0,0.0,0.0,0.0,0.0,0.0,0.0,0.0,0.0,0.0,0.0,0.0,0.0,0.0,0.0,0.0,0.0,0.0,0.0,0.0,0.0,0.0,0.0,0.0,0.0,0.0,0.0,0.0,0.0,0.0,0.0,0.0,0.0,0.0,0.0,0.0,0.0,0.0,0.0,0.0,0.0,0.0,0.0,0.0,0.0,0.0,0.0,0.0,0.0,0.0,0.0,0.0,0.0,0.0,0.0,0.0,0.0,0.0,0.0,0.0
2019-01-01,0.0,0.0,52240.0,0.0,0.0,0.0,0.0,0.0,1400.0,0.0,0.0,18250.0,14010.0,1095.0,0.0,36578.0,628.0,0.0,0.0,0.0,7682.0,754.0,7312.0,19171.0,11241.0,1231.0,15867.0,7092.0,24680.0,1690.0,63558.0,83691.0,31217.0,16311.0,72248.0,46291.0,20402.0,62.0,3098.0,4080.0,34494.0,5639.0,5745.0,42403.0,718.0,357.0,4753.0,10625.0,10439.0,1235.0,74237.0,26458.0,11157.0,10755.0,3296.0,3853.0,9359.0,8652.0,1188.0,4469.0,0.0,106478.0,5952.0,7756.0,10316.0,2552.0,576.0,7962.0,1177.0,11540.0,10666.0,8673.0,870.0,470.0,20.0,6737.0,0.0,1562.0,0.0,0.0,0.0,0.0,0.0,0.0,0.0,0.0,0.0,0.0,0.0,0.0,0.0,0.0,0.0,0.0,0.0,0.0,0.0,0.0,0.0,0.0,0.0,0.0,0.0,0.0,0.0,0.0,0.0,0.0,0.0,0.0,0.0,0.0,0.0,0.0,0.0,0.0,0.0,0.0,0.0,0.0,0.0,0.0,0.0,0.0,0.0,0.0,0.0,0.0,0.0,0.0,0.0,0.0,0.0,0.0,0.0,0.0,0.0,187931.0,48540.0,12272.0,152.0,3850.0,0.0,0.0,0.0,0.0,6174.0,3029.0,0.0,0.0,9277.0,0.0,7807.0,50393.0,39291.0,17421.0,509.0,988.0,13978.0,0.0,8956.0,36304.0,28966.0,17051.0,49622.0,4516.0,1010.0,29878.0,2040.0,1224.0,2690.0,266.0,0.0,0.0,0.0,0.0,0.0,0.0,0.0,0.0,0.0,0.0,0.0,0.0,0.0,0.0,0.0,0.0,0.0,0.0,0.0,0.0,0.0,0.0,0.0,47104.0,0.0,244.0,37381.0,10564.0,0.0,5650.0,126336.0,3041.0,393.0,8469.0,156.0,0.0,341.0,5397.0,80318.0,327.0,16365.0,1953.0,10114.0,0.0,48683.0,0.0,0.0,0.0,0.0,0.0,0.0,37907.0,0.0,11095.0,0.0,1485.0,13261.0,366.0,41521.0,3448.0,17050.0,4207.0,45229.0,122.0,668.0,586.0,1482.0,5356.0,6940.0,14200.0,15211.0,898.0,5406.0,13498.0,34511.0,1579.0,6188.0,39334.0,224.0,2089.0,18.0,5779.0,33692.0,10102.0,30233.0,30022.0,20787.0,20250.0,37251.0,0.0,0.0,0.0,0.0,0.0,0.0,0.0,0.0,0.0,0.0,0.0,0.0,5539.0,75006.0,4038.0,3780.0,0.0,0.0,0.0,0.0,1052.0,2570.0,40786.0,36736.0,13689.0,12794.0,112760.0,238508.0,121224.0,212067.4,6448.0,138659.0,218174.0,42977.0,45576.0,19507.0,50065.0,2671.0,113118.0,12200.0,20447.0,7045.0,3829.0,721.0,25758.0,531.0,10474.0,33649.0,3556.0,276159.0,9180.0,8966.0,1052.0,26756.0,73439.0,6331.0,5596.0,3899.0,14007.0,69906.0,19048.0,42605.0,200.0,20118.0,682.0,5095.0,0.0,20114.0,3009.0,0.0,0.0,0.0,0.0,70424.5,18713.0,0.0,88477.0,29280.0,0.0,0.0,8454.0,0.0,9917.0,0.0,64271.0,18456.0,35571.0,0.0,0.0,289.0,24062.0,101913.0,681.0,0.0,0.0,24394.0,0.0,1672.0,2209.0,64917.0,0.0,0.0,0.0,0.0,0.0,0.0,0.0,0.0,0.0,0.0,0.0,0.0,14906.0,2585.0,4999.0,245096.0,2193.0,24599.0,1550.0,47173.0,1301.0,18548.0,16855.0,48068.0,2903.0,15284.0,605.0,84.0,0.0,0.0,0.0,0.0,0.0,0.0,0.0,0.0,0.0,0.0,0.0,0.0,0.0,0.0,0.0,0.0,0.0,0.0,0.0,0.0,0.0,0.0,0.0,0.0,0.0,0.0,0.0,0.0,0.0,0.0,0.0,0.0,0.0,0.0,0.0,0.0,0.0,0.0,0.0,0.0,0.0,0.0,0.0,0.0,0.0,0.0,0.0,0.0,0.0,0.0,0.0,0.0,0.0,0.0,0.0,0.0,0.0,0.0,0.0,0.0,0.0,0.0,0.0,0.0,0.0,0.0,0.0,0.0,0.0,0.0,0.0,0.0,0.0,0.0,0.0,0.0,0.0,0.0,0.0,0.0,0.0,0.0,0.0,0.0,0.0,0.0,0.0,0.0,0.0,0.0,0.0,0.0,0.0,0.0,0.0,0.0,0.0,0.0,0.0,0.0,0.0,0.0,0.0,0.0,0.0,0.0,0.0,0.0,0.0,0.0,0.0,0.0,0.0,0.0,0.0,0.0,0.0,0.0,0.0,0.0,0.0,0.0,0.0,0.0,0.0,0.0,0.0,0.0,0.0,0.0,0.0,0.0,0.0,0.0,0.0,0.0,0.0,0.0,0.0,0.0,0.0,0.0,0.0,0.0,0.0,0.0,0.0,0.0,0.0,0.0,0.0,0.0,0.0,0.0,0.0,0.0,0.0,0.0,0.0,0.0,0.0,0.0,0.0,0.0,0.0,0.0,0.0,0.0,0.0,0.0,0.0,0.0,0.0,0.0,0.0,0.0,0.0,0.0,0.0,0.0,0.0,0.0,0.0,0.0,0.0,0.0,0.0,0.0,0.0,0.0,0.0,0.0,0.0,0.0,0.0
2019-02-01,0.0,0.0,52524.0,2704.0,0.0,0.0,0.0,0.0,3188.0,0.0,41.0,41934.0,24775.0,2021.0,148.0,43712.0,8629.0,0.0,0.0,0.0,8189.0,2867.0,7312.0,21351.0,12899.0,1231.0,16843.0,11527.0,25970.0,9432.0,75802.0,90327.0,32715.0,19073.0,72695.0,48583.0,22017.0,797.0,5640.0,8480.0,38230.0,6545.0,6949.0,44772.0,718.0,2787.0,4753.0,17326.0,10439.0,1357.0,93404.0,27113.0,11157.0,11169.0,3296.0,3938.0,13756.0,14444.0,2445.0,5630.0,0.0,106478.0,5952.0,9077.0,15384.0,4329.0,576.0,12320.0,3052.0,11540.0,12087.0,14898.0,870.0,470.0,709.0,22997.0,1602.0,9513.0,7377.0,5026.0,6027.0,4839.0,59052.0,2623.0,34.0,0.0,3347.0,0.0,1977.0,109.0,0.0,0.0,0.0,0.0,0.0,0.0,0.0,0.0,0.0,0.0,0.0,0.0,0.0,0.0,0.0,0.0,0.0,0.0,0.0,0.0,0.0,0.0,0.0,0.0,0.0,0.0,0.0,0.0,0.0,0.0,0.0,0.0,0.0,0.0,0.0,0.0,0.0,0.0,0.0,0.0,0.0,0.0,0.0,0.0,0.0,0.0,0.0,205218.0,55083.0,12754.0,152.0,5968.0,85.0,0.0,0.0,0.0,6855.0,16435.0,0.0,0.0,30440.0,0.0,9348.0,53196.0,39291.0,20438.0,509.0,988.0,14017.0,6527.0,13426.0,43222.0,31021.0,17988.0,59221.0,6442.0,1010.0,36563.0,2040.0,1224.0,2690.0,1778.0,17224.0,16.0,205.0,0.0,0.0,0.0,0.0,0.0,0.0,0.0,0.0,0.0,0.0,0.0,0.0,0.0,0.0,0.0,0.0,0.0,0.0,0.0,0.0,52493.0,404.0,2979.0,37405.0,10564.0,20291.0,13490.0,126336.0,3234.0,393.0,8549.0,156.0,0.0,341.0,7910.0,80318.0,327.0,17312.0,1953.0,18150.0,0.0,48683.0,626.0,2684.0,513.0,0.0,0.0,0.0,38499.0,0.0,12103.0,0.0,1485.0,17131.0,460.0,43296.0,3448.0,17050.0,4207.0,49190.0,122.0,668.0,949.0,2208.0,5356.0,7979.0,15643.0,16576.0,898.0,7078.0,19253.0,35795.0,1579.0,6188.0,39575.0,890.0,2810.0,120.0,8409.0,33692.0,10102.0,30233.0,30022.0,20787.0,20250.0,37282.0,3362.0,92.0,8459.0,0.0,0.0,0.0,0.0,0.0,0.0,0.0,0.0,0.0,6718.0,76970.0,6397.0,3780.0,0.0,0.0,0.0,1792.0,2154.0,2827.0,40786.0,36736.0,13689.0,14199.0,114763.0,246940.0,155683.0,214573.4,12662.0,138659.0,218604.0,42977.0,49542.0,27678.0,54756.0,3385.0,113118.0,12297.0,20447.0,7045.0,3829.0,944.0,27598.0,1845.0,10474.0,56381.0,3556.0,278335.0,10349.0,8966.0,1052.0,26756.0,73572.0,6331.0,5596.0,3899.0,14007.0,81986.0,26170.0,56232.0,200.0,22357.0,824.0,34627.0,0.0,20114.0,3009.0,0.0,0.0,0.0,102.0,71816.5,18713.0,21445.0,95856.0,29440.0,1649.0,0.0,13360.0,0.0,9917.0,229.0,64271.0,21407.0,35571.0,0.0,0.0,21392.0,26766.0,102348.0,2973.0,0.0,20784.0,27618.0,0.0,1762.0,2209.0,71332.0,0.0,0.0,0.0,0.0,0.0,0.0,0.0,0.0,0.0,0.0,0.0,0.0,16296.0,2585.0,6923.0,245096.0,4408.0,35527.0,1550.0,64054.0,1643.0,20915.0,20315.0,48068.0,4669.0,33330.0,1392.0,6687.0,4297.0,28241.0,4760.0,5570.0,22151.0,4784.0,15336.0,1923.0,3777.0,0.0,0.0,0.0,0.0,0.0,0.0,0.0,0.0,0.0,0.0,0.0,0.0,0.0,0.0,0.0,0.0,0.0,0.0,0.0,0.0,0.0,0.0,0.0,0.0,0.0,0.0,0.0,0.0,0.0,0.0,0.0,0.0,0.0,0.0,0.0,0.0,0.0,0.0,0.0,0.0,0.0,0.0,0.0,0.0,0.0,0.0,0.0,0.0,0.0,0.0,0.0,0.0,0.0,0.0,0.0,0.0,0.0,0.0,0.0,0.0,0.0,0.0,0.0,0.0,0.0,0.0,0.0,0.0,0.0,0.0,0.0,0.0,0.0,0.0,0.0,0.0,0.0,0.0,0.0,0.0,0.0,0.0,0.0,0.0,0.0,0.0,0.0,0.0,0.0,0.0,0.0,0.0,0.0,0.0,0.0,0.0,0.0,0.0,0.0,0.0,0.0,0.0,0.0,0.0,0.0,0.0,0.0,0.0,0.0,0.0,0.0,0.0,0.0,0.0,0.0,0.0,0.0,0.0,0.0,0.0,0.0,0.0,0.0,0.0,0.0,0.0,0.0,0.0,0.0,0.0,0.0,0.0,0.0,0.0,0.0,0.0,0.0,0.0,0.0,0.0,0.0,0.0,0.0,0.0,0.0,0.0,0.0,0.0,0.0,0.0,0.0,0.0,0.0,0.0,0.0,0.0,0.0,0.0,0.0,0.0,0.0,0.0,0.0,0.0,0.0,0.0,0.0,0.0,0.0,0.0,0.0,0.0,0.0,0.0,0.0,0.0,0.0,0.0,0.0,0.0,0.0,0.0,0.0,0.0,0.0,0.0
2019-03-01,0.0,0.0,53044.0,2704.0,0.0,0.0,0.0,0.0,3682.0,0.0,94.0,53306.0,28303.0,3661.0,313.0,56504.0,21649.0,0.0,0.0,0.0,9960.0,6896.0,8189.0,22890.0,13574.0,2305.0,16843.0,17750.0,28722.0,9432.0,78878.0,90327.0,34598.0,20535.0,74547.0,53909.0,23215.0,19113.0,6929.0,32178.0,40931.0,6545.0,14954.0,47373.0,718.0,2787.0,5457.0,21874.0,10439.0,1491.0,118402.0,29307.0,15385.0,15910.0,3296.0,4251.0,20406.0,15381.0,2889.0,5630.0,0.0,107909.0,5952.0,11350.0,20010.0,5931.0,2299.0,16098.0,3897.0,13516.0,13363.0,15593.0,870.0,470.0,2828.0,25108.0,1602.0,10289.0,16040.0,6806.0,8611.0,4986.0,59052.0,2876.0,34.0,0.0,8410.0,0.0,9442.0,996.0,1231.0,3235.0,2804.0,0.0,135.0,1713.0,4396.0,0.0,0.0,0.0,0.0,0.0,0.0,0.0,0.0,0.0,0.0,0.0,0.0,0.0,0.0,0.0,0.0,0.0,0.0,0.0,0.0,0.0,0.0,0.0,0.0,0.0,0.0,0.0,0.0,0.0,0.0,0.0,0.0,0.0,0.0,0.0,0.0,0.0,0.0,0.0,0.0,205218.0,60007.0,12983.0,152.0,5968.0,85.0,0.0,0.0,0.0,6855.0,34114.0,1050.0,0.0,33057.0,0.0,10155.0,57479.0,39291.0,24490.0,509.0,988.0,14017.0,7566.0,15342.0,45638.0,31885.0,18923.0,67185.0,8653.0,1010.0,40243.0,2040.0,1224.0,8781.0,2135.0,17224.0,166.0,834.0,1391.0,1851.0,340.0,0.0,0.0,0.0,0.0,0.0,0.0,0.0,0.0,0.0,0.0,0.0,0.0,0.0,0.0,0.0,0.0,0.0,60789.0,3573.0,2979.0,37405.0,10564.0,33311.0,15578.0,129191.0,3234.0,393.0,9378.0,156.0,0.0,341.0,11548.0,80318.0,327.0,17825.0,2042.0,20081.0,27651.0,48683.0,626.0,2684.0,513.0,0.0,0.0,0.0,38499.0,0.0,12103.0,0.0,1485.0,19767.0,460.0,45109.0,3898.0,17427.0,4207.0,49853.0,122.0,896.0,949.0,2232.0,5356.0,8854.0,15643.0,30174.0,898.0,9506.0,26135.0,44410.0,1643.0,10068.0,39980.0,2081.0,4446.0,313.0,12543.0,33692.0,10102.0,30233.0,30022.0,20787.0,20250.0,37282.0,3362.0,92.0,16941.0,697.0,0.0,0.0,0.0,0.0,0.0,0.0,0.0,0.0,8004.0,78962.0,8901.0,5347.0,0.0,6001.0,0.0,10312.0,2678.0,3967.0,42396.0,36736.0,13689.0,16276.0,114763.0,248794.0,169028.0,218964.4,12662.0,138659.0,220255.0,42977.0,53004.0,30419.0,54879.0,3385.0,121909.0,13442.0,20447.0,7045.0,3829.0,1273.0,29940.0,3196.0,10474.0,57267.0,3656.0,283608.0,10829.0,9228.0,1052.0,26756.0,73572.0,7350.0,5596.0,4630.0,14007.0,84730.0,31120.0,59246.0,200.0,23416.0,824.0,34627.0,0.0,24412.0,3009.0,0.0,0.0,0.0,1249.0,78156.5,21284.0,29057.0,100122.0,29887.0,16310.0,0.0,13360.0,0.0,9917.0,229.0,64271.0,27136.0,35571.0,0.0,0.0,21454.0,32980.0,102348.0,8401.0,1339.0,23666.0,30430.0,0.0,1762.0,2209.0,72745.0,0.0,0.0,0.0,0.0,0.0,0.0,0.0,0.0,0.0,0.0,0.0,0.0,20409.0,2585.0,6923.0,245096.0,7429.0,36776.0,1550.0,64877.0,1677.0,26856.0,20315.0,48068.0,9548.0,68121.0,1463.0,9777.0,34156.0,28241.0,6052.0,6644.0,22459.0,8693.0,22689.0,1923.0,23399.0,2835.0,8448.0,0.0,8486.0,0.0,0.0,0.0,0.0,0.0,0.0,0.0,0.0,0.0,0.0,0.0,0.0,0.0,0.0,0.0,0.0,0.0,0.0,0.0,0.0,0.0,0.0,0.0,0.0,0.0,0.0,0.0,0.0,0.0,0.0,0.0,0.0,0.0,0.0,0.0,0.0,0.0,0.0,0.0,0.0,0.0,0.0,0.0,0.0,0.0,0.0,0.0,0.0,0.0,0.0,0.0,0.0,0.0,0.0,0.0,0.0,0.0,0.0,0.0,0.0,0.0,0.0,0.0,0.0,0.0,0.0,0.0,0.0,0.0,0.0,0.0,0.0,0.0,0.0,0.0,0.0,0.0,0.0,0.0,0.0,0.0,0.0,0.0,0.0,0.0,0.0,0.0,0.0,0.0,0.0,0.0,0.0,0.0,0.0,0.0,0.0,0.0,0.0,0.0,0.0,0.0,0.0,0.0,0.0,0.0,0.0,0.0,0.0,0.0,0.0,0.0,0.0,0.0,0.0,0.0,0.0,0.0,0.0,0.0,0.0,0.0,0.0,0.0,0.0,0.0,0.0,0.0,0.0,0.0,0.0,0.0,0.0,0.0,0.0,0.0,0.0,0.0,0.0,0.0,0.0,0.0,0.0,0.0,0.0,0.0,0.0,0.0,0.0,0.0,0.0,0.0,0.0,0.0,0.0,0.0,0.0,0.0,0.0,0.0,0.0,0.0,0.0,0.0,0.0,0.0,0.0,0.0,0.0,0.0,0.0,0.0,0.0,0.0,0.0,0.0,0.0,0.0,0.0,0.0,0.0,0.0,0.0
2019-04-01,0.0,0.0,60880.0,2704.0,0.0,0.0,0.0,0.0,5538.0,0.0,289.0,53306.0,28303.0,8365.0,313.0,65119.0,44436.0,0.0,0.0,0.0,9960.0,9991.0,8189.0,23949.0,15932.0,2885.0,16843.0,18822.0,31286.0,18972.0,84123.0,91675.0,35779.0,20535.0,84169.0,57618.0,23242.0,45166.0,9036.0,40485.0,44530.0,6545.0,17829.0,47877.0,718.0,2840.0,5600.0,25996.0,10439.0,2023.0,121670.0,29388.0,24677.0,28922.0,3296.0,6030.0,25885.0,17119.0,3476.0,6059.0,651.0,110556.0,8810.0,14378.0,21626.0,8400.0,2299.0,23791.0,3897.0,15859.0,16162.0,15672.0,1353.0,1957.0,4544.0,29868.0,2108.0,14446.0,30269.0,10614.0,8611.0,18849.0,59052.0,4853.0,353.0,1270.0,9035.0,0.0,9442.0,2081.0,5381.0,6165.0,12072.0,0.0,1216.0,4563.0,35666.0,0.0,55.0,1275.0,11635.0,11744.0,606.0,11350.0,0.0,0.0,0.0,0.0,0.0,0.0,0.0,0.0,0.0,0.0,0.0,0.0,0.0,0.0,0.0,0.0,0.0,0.0,0.0,0.0,0.0,0.0,0.0,0.0,0.0,0.0,0.0,0.0,0.0,0.0,0.0,0.0,0.0,209187.0,79347.0,14524.0,152.0,5968.0,85.0,0.0,0.0,0.0,7538.0,42374.0,17514.0,0.0,40169.0,0.0,16593.0,59368.0,103500.0,28635.0,509.0,988.0,14431.0,7566.0,17369.0,46351.0,35755.0,19289.0,69390.0,9519.0,6091.0,43165.0,2510.0,1224.0,12261.0,4622.0,17224.0,166.0,3344.0,8901.0,2525.0,4455.0,7705.0,638.0,1413.0,0.0,0.0,0.0,0.0,0.0,0.0,0.0,0.0,0.0,0.0,0.0,0.0,0.0,0.0,63313.0,10316.0,2979.0,37405.0,11077.0,60510.0,18389.0,144585.0,3345.0,393.0,9381.0,156.0,0.0,341.0,25226.0,85641.0,327.0,22155.0,2631.0,21109.0,27651.0,48683.0,1089.0,2684.0,513.0,0.0,0.0,0.0,42048.0,546.0,13711.0,0.0,2030.0,21895.0,460.0,47427.0,4605.0,17904.0,4207.0,49966.0,122.0,8210.0,1342.0,3720.0,5356.0,10675.0,22310.0,39776.0,898.0,9846.0,34397.0,67782.0,3091.0,10619.0,41732.0,2610.0,5443.0,1674.0,12777.0,33692.0,14534.0,30233.0,30022.0,20787.0,20250.0,37282.0,3362.0,92.0,16941.0,1196.0,0.0,0.0,0.0,0.0,0.0,0.0,0.0,0.0,9359.0,88460.0,11609.0,5347.0,0.0,6001.0,0.0,11158.0,3544.0,4612.0,45525.0,37068.0,14839.0,17462.0,114763.0,248794.0,170238.0,229771.4,20309.0,138659.0,241967.0,51640.0,60509.0,30419.0,54879.0,3385.0,143764.0,13998.0,20447.0,7045.0,3829.0,1819.0,31822.0,6550.0,10474.0,59635.0,3656.0,285069.0,13317.0,9228.0,1052.0,26756.0,73572.0,8294.0,5596.0,4856.0,14007.0,86321.0,33889.0,65812.0,6036.0,24535.0,824.0,34627.0,0.0,28943.0,3009.0,0.0,10443.0,0.0,2518.0,81071.5,29218.0,29057.0,106243.0,30722.0,25604.0,0.0,13360.0,0.0,9917.0,229.0,64271.0,31810.0,41946.0,7865.0,0.0,22013.0,36269.0,104897.0,31074.0,2328.0,23666.0,32562.0,0.0,1762.0,2209.0,76582.0,1920.0,0.0,0.0,0.0,0.0,0.0,0.0,0.0,0.0,0.0,0.0,0.0,24736.0,2585.0,8110.0,245096.0,8144.0,42688.0,1550.0,66642.0,1682.0,35753.0,20315.0,48068.0,12025.0,68121.0,1641.0,14196.0,34156.0,28241.0,6052.0,7050.0,23284.0,11777.0,24556.0,3226.0,23399.0,4915.0,16161.0,1953.0,57009.0,0.0,7199.0,10526.0,8363.0,4508.0,7108.0,0.0,0.0,0.0,0.0,0.0,0.0,0.0,0.0,0.0,0.0,0.0,0.0,0.0,0.0,0.0,0.0,0.0,0.0,0.0,0.0,0.0,0.0,0.0,0.0,0.0,0.0,0.0,0.0,0.0,0.0,0.0,0.0,0.0,0.0,0.0,0.0,0.0,0.0,0.0,0.0,0.0,0.0,0.0,0.0,0.0,0.0,0.0,0.0,0.0,0.0,0.0,0.0,0.0,0.0,0.0,0.0,0.0,0.0,0.0,0.0,0.0,0.0,0.0,0.0,0.0,0.0,0.0,0.0,0.0,0.0,0.0,0.0,0.0,0.0,0.0,0.0,0.0,0.0,0.0,0.0,0.0,0.0,0.0,0.0,0.0,0.0,0.0,0.0,0.0,0.0,0.0,0.0,0.0,0.0,0.0,0.0,0.0,0.0,0.0,0.0,0.0,0.0,0.0,0.0,0.0,0.0,0.0,0.0,0.0,0.0,0.0,0.0,0.0,0.0,0.0,0.0,0.0,0.0,0.0,0.0,0.0,0.0,0.0,0.0,0.0,0.0,0.0,0.0,0.0,0.0,0.0,0.0,0.0,0.0,0.0,0.0,0.0,0.0,0.0,0.0,0.0,0.0,0.0,0.0,0.0,0.0,0.0,0.0,0.0,0.0,0.0,0.0,0.0,0.0,0.0,0.0,0.0,0.0,0.0,0.0,0.0,0.0,0.0,0.0,0.0,0.0,0.0,0.0,0.0,0.0,0.0,0.0,0.0,0.0,0.0,0.0
2019-05-01,3736.0,3460.0,68859.0,24069.0,13231.0,0.0,0.0,0.0,7754.0,0.0,289.0,53306.0,29914.0,13527.0,357.0,67057.0,45485.0,0.0,0.0,0.0,9960.0,11457.0,8189.0,25570.0,19618.0,6800.0,16843.0,18822.0,43243.0,18972.0,88092.0,97216.0,36870.0,22748.0,93112.0,60537.0,25196.0,54334.0,10925.0,40485.0,46118.0,10829.0,18122.0,47877.0,718.0,2840.0,6167.0,26401.0,13122.0,5167.0,123551.0,30675.0,30233.0,37462.0,3296.0,6872.0,30360.0,17778.0,6640.0,10755.0,2508.0,110556.0,14963.0,16696.0,24190.0,9693.0,2612.0,32363.0,3897.0,19048.0,18038.0,15672.0,7462.0,2049.0,6575.0,29868.0,14475.0,14446.0,32746.0,13961.0,10681.0,18849.0,59052.0,5638.0,2248.0,1774.0,12043.0,0.0,9442.0,3800.0,9324.0,9636.0,12072.0,0.0,2871.0,13616.0,35666.0,3274.0,55.0,3596.0,15967.0,16046.0,5738.0,29055.0,1894.0,845.0,0.0,2906.0,9141.0,8810.0,197.0,0.0,0.0,0.0,0.0,0.0,0.0,0.0,0.0,0.0,0.0,0.0,0.0,0.0,0.0,0.0,0.0,0.0,0.0,0.0,0.0,0.0,0.0,0.0,0.0,0.0,0.0,209187.0,79347.0,17380.0,549.0,9215.0,447.0,2909.0,0.0,0.0,7538.0,42374.0,19593.0,17.0,44615.0,0.0,30796.0,64881.0,134396.0,31738.0,1699.0,2244.0,14660.0,7566.0,20150.0,46517.0,37849.0,20681.0,72368.0,10677.0,6091.0,44997.0,4543.0,1985.0,13996.0,15504.0,17224.0,210.0,4537.0,13338.0,3328.0,7210.0,9785.0,20126.0,4723.0,0.0,1439.0,126.0,0.0,0.0,0.0,0.0,0.0,0.0,0.0,0.0,0.0,0.0,0.0,63992.0,17543.0,4406.0,37405.0,11077.0,70070.0,19727.0,144585.0,4341.0,393.0,9391.0,15439.0,0.0,341.0,30238.0,85641.0,327.0,29164.0,3087.0,22312.0,27651.0,48683.0,1091.0,2684.0,513.0,650.0,0.0,0.0,43756.0,12711.0,19308.0,0.0,2231.0,23763.0,460.0,55092.0,4965.0,18929.0,5113.0,50924.0,122.0,14455.0,2239.0,12072.0,6772.0,12291.0,23492.0,43932.0,1858.0,10935.0,42672.0,79898.0,7190.0,10619.0,46926.0,7669.0,9846.0,8875.0,13742.0,33692.0,28390.0,30233.0,30022.0,20787.0,20250.0,37282.0,8635.0,883.0,16941.0,1628.0,289.0,0.0,0.0,0.0,0.0,0.0,0.0,0.0,11102.0,96776.0,14745.0,5681.0,2929.0,12167.0,0.0,12772.0,4328.0,5135.0,60648.0,37068.0,23382.0,20048.0,114763.0,249425.0,174203.0,238219.4,36653.0,138920.0,241967.0,59462.0,64678.0,30419.0,56096.0,5366.0,160398.0,14178.0,20447.0,12353.0,5205.0,2378.0,32827.0,19724.0,10474.0,59807.0,3656.0,286530.0,19164.0,25294.0,7247.0,26756.0,73572.0,8294.0,5596.0,7367.0,56689.0,96259.0,42066.0,79833.0,15460.0,26493.0,1674.0,34627.0,0.0,36827.0,3009.0,0.0,16865.0,0.0,3002.0,85549.5,30513.0,29057.0,113369.0,31682.0,33357.0,0.0,16118.0,0.0,9917.0,229.0,64271.0,40507.0,41946.0,10934.0,0.0,22013.0,38478.0,104897.0,43981.0,6226.0,23666.0,33568.0,0.0,1762.0,2209.0,84114.0,1920.0,0.0,3402.0,0.0,0.0,0.0,0.0,0.0,0.0,0.0,0.0,0.0,24810.0,6768.0,12012.0,245096.0,10250.0,44610.0,1550.0,66642.0,2163.0,37254.0,20315.0,48068.0,14428.0,68121.0,2474.0,22908.0,34156.0,28241.0,6052.0,11319.0,23284.0,12242.0,24846.0,6128.0,23399.0,29683.0,20741.0,1953.0,72115.0,0.0,8188.0,22513.0,8363.0,4508.0,10715.0,1762.0,66.0,1709.0,0.0,0.0,0.0,0.0,0.0,0.0,0.0,0.0,0.0,0.0,0.0,0.0,0.0,0.0,0.0,0.0,0.0,0.0,0.0,0.0,0.0,0.0,0.0,0.0,0.0,0.0,0.0,0.0,0.0,0.0,0.0,0.0,0.0,0.0,0.0,0.0,0.0,0.0,0.0,0.0,0.0,0.0,0.0,0.0,0.0,0.0,0.0,0.0,0.0,0.0,0.0,0.0,0.0,0.0,0.0,0.0,0.0,0.0,0.0,0.0,0.0,0.0,0.0,0.0,0.0,0.0,0.0,0.0,0.0,0.0,0.0,0.0,0.0,0.0,0.0,0.0,0.0,0.0,0.0,0.0,0.0,0.0,0.0,0.0,0.0,0.0,0.0,0.0,0.0,0.0,0.0,0.0,0.0,0.0,0.0,0.0,0.0,0.0,0.0,0.0,0.0,0.0,0.0,0.0,0.0,0.0,0.0,0.0,0.0,0.0,0.0,0.0,0.0,0.0,0.0,0.0,0.0,0.0,0.0,0.0,0.0,0.0,0.0,0.0,0.0,0.0,0.0,0.0,0.0,0.0,0.0,0.0,0.0,0.0,0.0,0.0,0.0,0.0,0.0,0.0,0.0,0.0,0.0,0.0,0.0,0.0,0.0,0.0,0.0,0.0,0.0,0.0,0.0,0.0,0.0,0.0,0.0,0.0,0.0,0.0,0.0,0.0,0.0,0.0,0.0,0.0,0.0,0.0,0.0,0.0,0.0,0.0,0.0
2019-06-01,9160.0,8462.0,76101.0,28627.0,31388.0,0.0,4335.0,0.0,9198.0,0.0,608.0,53306.0,30013.0,15831.0,357.0,68146.0,45485.0,0.0,0.0,0.0,12069.0,12465.0,8189.0,25983.0,21843.0,7298.0,16843.0,18822.0,51638.0,18972.0,93416.0,114127.0,36870.0,38647.0,98080.0,63742.0,30165.0,57210.0,12152.0,40485.0,48976.0,13962.0,18767.0,47877.0,718.0,2840.0,8155.0,26723.0,13122.0,10025.0,123551.0,30675.0,31434.0,38681.0,3296.0,8343.0,30693.0,18013.0,11660.0,14750.0,10632.0,115441.0,16042.0,18854.0,31501.0,10550.0,4552.0,38936.0,3897.0,19048.0,18830.0,15672.0,13577.0,2250.0,8332.0,29868.0,14475.0,14446.0,32746.0,19493.0,11392.0,18849.0,59052.0,7105.0,14111.0,1774.0,17878.0,0.0,9442.0,6064.0,11543.0,12149.0,14247.0,0.0,4552.0,13705.0,35666.0,4427.0,55.0,7199.0,20656.0,16046.0,9219.0,32685.0,3903.0,1114.0,0.0,13162.0,17106.0,14930.0,5828.0,5366.0,3062.0,6715.0,1408.0,187.0,0.0,689.0,0.0,0.0,0.0,0.0,0.0,0.0,0.0,0.0,0.0,0.0,0.0,0.0,0.0,0.0,0.0,0.0,0.0,0.0,0.0,209187.0,79347.0,17923.0,2248.0,17775.0,1028.0,6040.0,0.0,0.0,10450.0,42374.0,21221.0,17.0,51507.0,0.0,41620.0,68854.0,141547.0,38340.0,2910.0,4239.0,15486.0,7566.0,20702.0,48850.0,39088.0,23549.0,73436.0,11649.0,6270.0,44997.0,7334.0,6254.0,13996.0,20384.0,17224.0,1116.0,6041.0,15536.0,7156.0,10018.0,10282.0,22626.0,18277.0,1672.0,14732.0,232.0,3604.0,1986.0,0.0,0.0,0.0,0.0,0.0,0.0,0.0,0.0,0.0,68572.0,20865.0,7635.0,37405.0,11077.0,70280.0,19727.0,144585.0,6457.0,393.0,10575.0,17519.0,0.0,341.0,32542.0,85641.0,327.0,31294.0,3547.0,22332.0,27651.0,48683.0,6236.0,15296.0,3209.0,650.0,0.0,462.0,46355.0,13736.0,19818.0,0.0,2365.0,23763.0,460.0,58398.0,5813.0,21641.0,5707.0,56024.0,122.0,20180.0,4500.0,21662.0,11702.0,16711.0,23492.0,43932.0,18633.0,19236.0,46226.0,80552.0,11724.0,15999.0,56532.0,15661.0,13133.0,12049.0,15453.0,33692.0,37902.0,30233.0,30022.0,20787.0,20250.0,37282.0,8635.0,898.0,16941.0,2531.0,1726.0,17056.0,0.0,0.0,0.0,0.0,0.0,0.0,14497.0,102209.0,19596.0,5681.0,2929.0,12167.0,0.0,13374.0,5468.0,6974.0,61363.0,37068.0,27100.0,21033.0,114763.0,249425.0,174203.0,248302.4,45572.0,138920.0,241967.0,69259.0,66821.0,30419.0,56096.0,5960.0,160398.0,14178.0,24018.0,25941.0,11715.0,8366.0,34433.0,24676.0,11524.0,61284.0,3656.0,286530.0,20780.0,25294.0,10791.0,26756.0,73572.0,8294.0,5596.0,8362.0,81274.0,98513.0,49349.0,82779.0,16721.0,27881.0,2018.0,34627.0,0.0,47376.0,3009.0,6911.0,21914.0,0.0,18636.0,85549.5,35736.0,29057.0,119564.0,31902.0,37340.0,0.0,16118.0,0.0,19572.0,3270.0,64271.0,47280.0,43197.0,16125.0,0.0,22013.0,42430.0,110152.0,50445.0,15287.0,23666.0,34280.0,0.0,1762.0,26836.0,91336.0,1920.0,4182.0,10438.0,39626.0,17576.0,13104.0,0.0,0.0,0.0,0.0,0.0,0.0,24810.0,7485.0,18563.0,245096.0,13254.0,47912.0,1550.0,66642.0,4947.0,37254.0,20315.0,48173.0,14428.0,68121.0,7074.0,40092.0,34156.0,28241.0,6052.0,21557.0,23284.0,12604.0,26716.0,9483.0,23399.0,33177.0,20741.0,1953.0,72115.0,0.0,9051.0,40062.0,61435.0,6455.0,15689.0,13587.0,3785.0,5778.0,57551.0,3373.0,19930.0,0.0,0.0,0.0,0.0,0.0,0.0,0.0,0.0,0.0,0.0,0.0,0.0,0.0,0.0,0.0,0.0,0.0,0.0,0.0,0.0,0.0,0.0,0.0,0.0,0.0,0.0,0.0,0.0,0.0,0.0,0.0,0.0,0.0,0.0,0.0,0.0,0.0,0.0,0.0,0.0,0.0,0.0,0.0,0.0,0.0,0.0,0.0,0.0,0.0,0.0,0.0,0.0,0.0,0.0,0.0,0.0,0.0,0.0,0.0,0.0,0.0,0.0,0.0,0.0,0.0,0.0,0.0,0.0,0.0,0.0,0.0,0.0,0.0,0.0,0.0,0.0,0.0,0.0,0.0,0.0,0.0,0.0,0.0,0.0,0.0,0.0,0.0,0.0,0.0,0.0,0.0,0.0,0.0,0.0,0.0,0.0,0.0,0.0,0.0,0.0,0.0,0.0,0.0,0.0,0.0,0.0,0.0,0.0,0.0,0.0,0.0,0.0,0.0,0.0,0.0,0.0,0.0,0.0,0.0,0.0,0.0,0.0,0.0,0.0,0.0,0.0,0.0,0.0,0.0,0.0,0.0,0.0,0.0,0.0,0.0,0.0,0.0,0.0,0.0,0.0,0.0,0.0,0.0,0.0,0.0,0.0,0.0,0.0,0.0,0.0,0.0,0.0,0.0,0.0,0.0,0.0,0.0,0.0,0.0,0.0,0.0,0.0,0.0,0.0,0.0,0.0,0.0,0.0,0.0,0.0
2019-07-01,10835.0,17172.0,79236.0,28627.0,37607.0,118.0,9955.0,0.0,10826.0,0.0,7288.0,85442.0,30013.0,19904.0,1792.0,78119.0,45485.0,0.0,0.0,155.0,16784.0,12953.0,8245.0,26441.0,22754.0,11102.0,16843.0,18822.0,53617.0,18972.0,98323.0,114127.0,36870.0,54416.0,100511.0,64401.0,33638.0,58285.0,13739.0,40485.0,56287.0,13962.0,19997.0,47877.0,8492.0,2840.0,14038.0,27308.0,17014.0,13971.0,128105.0,30675.0,36662.0,44876.0,3296.0,9370.0,33753.0,20126.0,13705.0,18435.0,17135.0,117950.0,16508.0,20060.0,38546.0,19507.0,14560.0,45369.0,3897.0,19048.0,21402.0,15799.0,16760.0,2391.0,8804.0,29868.0,15946.0,14446.0,34226.0,26145.0,11483.0,18849.0,59052.0,11773.0,16086.0,2839.0,22678.0,48819.0,9442.0,10848.0,14764.0,15859.0,14247.0,0.0,7155.0,21201.0,35666.0,7436.0,55.0,7856.0,25478.0,34227.0,14655.0,32685.0,5146.0,1522.0,0.0,13162.0,17106.0,14930.0,16953.0,5366.0,5683.0,28762.0,13274.0,6486.0,0.0,2705.0,1986.0,5826.0,3271.0,2561.0,1425.0,4860.0,1622.0,0.0,0.0,0.0,0.0,0.0,0.0,0.0,0.0,0.0,0.0,0.0,0.0,209187.0,79347.0,25189.0,6355.0,17911.0,2566.0,12884.0,1113.0,0.0,12952.0,42374.0,21877.0,261.0,53861.0,0.0,43845.0,71031.0,141547.0,44320.0,4717.0,9138.0,24123.0,13354.0,22386.0,51315.0,39346.0,27127.0,73649.0,13143.0,16197.0,46210.0,9708.0,7657.0,13996.0,24182.0,17224.0,2052.0,8114.0,17210.0,9329.0,10883.0,10282.0,22626.0,22651.0,16012.0,20703.0,333.0,9162.0,15007.0,2272.0,1851.0,2533.0,2300.0,0.0,0.0,0.0,0.0,0.0,78840.0,22505.0,13505.0,37405.0,11077.0,72169.0,19727.0,153213.0,9867.0,393.0,35142.0,23707.0,0.0,341.0,32542.0,93624.0,327.0,31521.0,5462.0,22332.0,27651.0,48683.0,7214.0,15296.0,3209.0,650.0,74077.0,11547.0,49911.0,16558.0,31835.0,384.0,3556.0,23763.0,460.0,61630.0,5813.0,25440.0,7419.0,56240.0,122.0,23611.0,6881.0,24925.0,14511.0,24828.0,23492.0,43932.0,23857.0,22817.0,51187.0,89087.0,16619.0,31350.0,75375.0,20101.0,16425.0,14388.0,16931.0,33692.0,37902.0,30233.0,30022.0,20787.0,20250.0,37282.0,10738.0,898.0,16941.0,4070.0,8661.0,17056.0,38747.0,19405.0,1579.0,0.0,0.0,0.0,18643.0,104605.0,19596.0,5681.0,31091.0,12167.0,0.0,14346.0,9659.0,9135.0,62009.0,37068.0,27533.0,23420.0,115933.0,249425.0,174203.0,249087.4,46651.0,143085.0,241967.0,71027.0,67571.0,30419.0,56096.0,18147.0,162810.0,14746.0,24018.0,32220.0,13271.0,16643.0,35932.0,33050.0,16590.0,66098.0,5457.0,286530.0,20839.0,27087.0,13815.0,26756.0,77213.0,9713.0,5596.0,10531.0,85956.0,102884.0,57662.0,89927.0,16721.0,30530.0,3943.0,34627.0,15836.0,62941.0,3009.0,17795.0,29665.0,0.0,26520.0,88650.5,35736.0,30611.0,125341.0,32044.0,45522.0,1690.0,16118.0,0.0,19572.0,11079.0,64271.0,57684.0,43197.0,19896.0,0.0,22013.0,48355.0,114797.0,51851.0,26822.0,23666.0,36229.0,0.0,18520.0,26836.0,97241.0,1920.0,9468.0,29688.0,39626.0,35152.0,21726.0,0.0,0.0,1876.0,0.0,0.0,0.0,24810.0,8558.0,21776.0,245096.0,14271.0,60169.0,1550.0,69657.0,8965.0,37254.0,20315.0,48217.0,16972.0,68121.0,13359.0,43407.0,34156.0,28241.0,6052.0,21557.0,23284.0,13356.0,27287.0,9986.0,23399.0,34122.0,26951.0,30347.0,72115.0,1254.0,24686.0,55301.0,61435.0,6455.0,17159.0,13587.0,11027.0,17216.0,58438.0,3373.0,19930.0,18467.0,1706.0,5582.0,3769.0,0.0,0.0,0.0,0.0,0.0,0.0,0.0,0.0,104.0,235.0,1108.0,0.0,377.0,0.0,911.0,6735.0,0.0,0.0,0.0,0.0,4580.0,0.0,985.0,0.0,2670.0,6441.0,19449.0,4588.0,2462.0,16865.0,18849.0,3407.0,2315.0,1415.0,1510.0,928.0,2507.0,1101.0,16425.0,1205.0,220.0,0.0,7447.0,68.0,4907.0,589.0,2091.0,38.0,3555.0,6913.0,3258.0,7517.0,4294.0,1591.0,1021.0,13812.0,2270.0,4377.0,786.0,1261.0,0.0,1170.0,573.0,7165.0,638.0,471.0,268.0,21.0,157.0,0.0,0.0,0.0,0.0,0.0,0.0,0.0,0.0,0.0,0.0,0.0,0.0,0.0,0.0,0.0,0.0,0.0,0.0,0.0,0.0,0.0,0.0,0.0,0.0,0.0,0.0,0.0,0.0,0.0,0.0,0.0,0.0,0.0,0.0,0.0,0.0,0.0,0.0,0.0,0.0,0.0,0.0,0.0,0.0,0.0,0.0,0.0,0.0,0.0,0.0,0.0,0.0,0.0,0.0,0.0,0.0,0.0,0.0,0.0,0.0,0.0,0.0,0.0,0.0,0.0,0.0,0.0,0.0,0.0,0.0,0.0,0.0,0.0,0.0,0.0,0.0,0.0,0.0,0.0,0.0,0.0,0.0,0.0,0.0,0.0,0.0,0.0,0.0,0.0,0.0,0.0,0.0,0.0,0.0,0.0,0.0,0.0
2019-08-01,10835.0,24047.0,80766.0,31949.0,40502.0,3306.0,11266.0,0.0,17710.0,0.0,8753.0,85442.0,36292.0,21652.0,2225.0,87890.0,46451.0,529.0,13099.0,3141.7294200000006,23987.0,13820.0,14370.87095,28482.0,22754.0,16329.0,16843.0,18822.0,53617.0,18972.0,110095.46404,125214.0,48859.0,58701.0,108974.0,68034.0,42056.0,58933.0,15291.0,40485.0,57875.0,20256.0,27094.0,47877.0,8492.0,8073.0,22301.0,27660.0,17014.0,15525.0,129250.0,33133.0,42442.0,51054.0,17870.0,11355.0,37327.0,25324.0,14207.0,19853.0,18773.0,118476.0,16508.0,21959.0,43730.0,24826.0,16524.0,50856.0,6574.0,19208.0,22844.0,16156.0,21819.0,4734.0,9552.0,29868.0,15946.0,16223.0,34226.0,26510.0,16102.0,18849.0,59052.0,16095.0,19415.0,2839.0,30273.0,48819.0,9442.0,10952.0,16020.0,18746.0,14247.0,0.0,10441.0,27451.0,52408.0,13423.0,3184.0,9641.0,31797.0,34227.0,19850.0,32685.0,7985.0,1727.0,559.0,13162.0,17106.0,18341.0,17655.0,17123.0,5930.0,29746.0,17932.0,17868.0,0.0,3978.0,2495.0,9732.0,16836.0,2561.0,1425.0,6988.0,7852.0,13299.0,4350.0,7456.0,3369.0,2313.0,1373.0,0.0,0.0,0.0,0.0,0.0,0.0,211376.0,79347.0,46924.0,13372.0,19239.0,4653.0,17947.0,9897.0,15557.0,17651.0,42374.0,21877.0,5570.0,55847.0,0.0,46898.0,73057.0,141548.0,51648.0,7852.0,18218.0,26899.0,13354.0,25478.0,53053.0,41713.0,28627.0,74745.0,15113.0,16197.0,46210.0,12830.0,10707.0,13996.0,32265.0,17224.0,2849.0,9729.0,17626.0,9329.0,14403.0,10282.0,22626.0,22864.0,17491.0,22625.0,3645.0,10319.0,46472.0,3998.0,17723.0,9857.0,13747.0,5617.0,666.0,21.0,0.0,0.0,80217.0,25135.0,15914.0,37405.0,11077.0,73387.0,22536.0,158383.0,12482.0,393.0,36252.0,23707.0,0.0,341.0,32542.0,93624.0,1183.0,31521.0,7454.0,22332.0,27651.0,48683.0,10189.0,15296.0,3209.0,650.0,74077.0,15223.0,55109.0,20419.0,34672.0,751.0,3556.0,23763.0,460.0,64712.0,7270.0,28108.0,8150.0,57994.0,122.0,28291.0,9332.0,26366.0,19235.0,25475.0,23492.0,43932.0,36199.0,26397.0,54311.0,107618.0,20251.0,43328.0,82511.0,23153.0,18477.0,14888.0,17123.0,33692.0,50211.0,30233.0,30022.0,20787.0,20250.0,37282.0,10738.0,3558.0,16941.0,6484.0,9231.0,17056.0,38747.0,19898.0,8543.0,4339.0,9436.0,0.0,21622.0,104605.0,21387.0,10069.0,31091.0,12452.0,0.0,17343.0,13075.0,10029.0,62009.0,39792.0,27655.0,24416.0,137189.0,249425.0,188788.0,249637.4,50373.0,145757.0,241967.0,77591.0,72583.0,30419.0,56096.0,27072.0,162810.0,15621.0,24018.0,35670.0,18682.0,16643.0,37363.0,35648.0,18677.0,68510.0,21541.0,287168.0,22222.0,27087.0,14097.0,26756.0,77213.0,10689.0,5596.0,12892.0,85956.0,102884.0,66084.0,93063.0,16722.0,38635.0,10629.0,34627.0,15836.0,64298.0,3009.0,27480.0,33038.0,0.0,67615.0,94245.5,42116.0,30611.0,130481.0,32525.0,47135.0,12689.0,16118.0,0.0,19572.0,16384.0,64271.0,64677.0,43197.0,19896.0,3993.0,22013.0,49951.0,114797.0,58171.0,33044.0,23666.0,37241.0,0.0,18520.0,32689.0,105904.0,1920.0,21016.0,29688.0,45517.0,35152.0,21726.0,6872.0,65271.0,10015.0,14856.0,10516.0,0.0,24900.0,15117.0,23993.0,245096.0,17398.0,64689.0,1550.0,70523.0,10825.0,37254.0,20315.0,48243.0,16972.0,68121.0,13359.0,44111.0,34156.0,28241.0,6052.0,21557.0,24375.0,14234.0,28092.0,11715.0,23399.0,34122.0,38360.0,30347.0,75927.0,1254.0,25669.0,62747.0,61435.0,15772.0,21158.0,13587.0,28283.0,25531.0,58438.0,4014.0,19930.0,25700.0,2584.0,39369.0,9444.0,23535.0,3053.0,554.0,0.0,0.0,0.0,0.0,0.0,1357.07501,1995.99278,2406.0,0.0,3986.0,6395.0,4078.0,17992.0,16978.5,0.0,0.0,0.0,10060.0,0.0,4966.0,7867.0,17681.0,11981.0,31033.0,14650.0,6427.0,34919.382639999996,23900.0,8978.0,3673.0,6212.0,3592.0,11463.0,19845.0,6338.0,16425.0,4387.26,682.01652,42086.0,18645.0,3009.06956,7282.0,945.0,5995.0,922.601,8049.0,21215.0,7829.0,21635.0,14858.0,11271.0,1331.0,14924.0,10395.0,8041.0,3543.0,8740.0,4662.0,5653.0,7269.0,25353.0,6329.91889,4876.0,1808.0,2548.7205400000003,9522.0,2452.35397,9479.36867,12521.0,6248.0,4762.0,365.0,4748.0,6622.0,10484.0,67.0,293.0,11301.0,6251.0,23847.0,6482.0,6374.0,3505.0,833.0,4665.0,3456.0,3811.0,7416.0,267.0,0.0,511.0,3884.0,2688.0,4068.0,2276.27367,133.0,2257.0,7036.64478,0.0,0.0,0.0,0.0,0.0,0.0,0.0,0.0,0.0,0.0,0.0,0.0,0.0,0.0,0.0,0.0,0.0,0.0,0.0,0.0,0.0,0.0,0.0,0.0,0.0,0.0,0.0,0.0,0.0,0.0,0.0,0.0,0.0,0.0,0.0,0.0,0.0,0.0,0.0,0.0,0.0,0.0,0.0,0.0,0.0,0.0,0.0,0.0,0.0,0.0,0.0,0.0,0.0,0.0,0.0,0.0,0.0,0.0,0.0,0.0,0.0,0.0,0.0,0.0,0.0
2019-09-01,10835.0,27808.0,82529.0,36322.0,42113.0,6663.0,13207.0,0.0,20706.0,0.0,12267.0,85442.0,36292.0,24615.0,2517.0,87890.0,46451.0,4461.0,15379.74926,9575.957699999999,30329.0,15080.0,19403.031710000003,31881.0,24465.0,23576.0,16843.0,18822.0,53617.0,18972.0,115637.74072,126247.0,75864.0,59990.0,116227.0,69143.0,48075.0,65881.0,16811.0,40485.0,59715.0,23277.0,31823.0,51810.0,15890.0,11804.0,25521.0,30134.0,18780.0,17462.0,129763.0,33133.0,43643.0,53535.0,17912.0,13759.0,40179.0,27652.0,17046.0,19879.0,18981.0,122301.0,16508.0,23866.0,43730.0,28637.0,19881.0,58561.0,14511.0,19222.0,25304.0,16156.0,21819.0,4734.0,10219.0,29868.0,18279.0,16223.0,35627.0,32034.0,17304.0,18849.0,59052.0,19270.0,22193.0,2987.0,36465.0,48819.0,9442.0,12367.0,23019.0,19104.0,14247.0,447.0,12532.0,29405.0,55375.0,15102.0,3750.0,10329.0,35887.0,34227.0,21432.0,37686.0,10957.0,4482.0,12437.0,15193.0,17106.0,19416.0,19524.0,17123.0,13314.0,29746.0,17932.0,17868.0,0.0,5119.0,6562.0,13588.0,19727.0,54331.0,10819.84228,8988.0,11990.0,15354.0,13952.0,19244.0,15196.0,32920.0,8533.0,8242.0,846.0,63650.0,2061.0,1955.0,8894.0,211376.0,79724.0,50409.0,19097.0,19771.0,6841.0,23956.0,10951.0,15557.0,19180.0,42374.0,21877.0,23936.0,57332.0,0.0,52643.0,74402.0,141549.0,54168.0,10232.0,21913.0,28067.0,24292.0,26142.0,53319.0,43305.0,29510.0,75054.0,16194.0,21687.0,46565.0,14486.0,13080.0,24801.0,42715.0,17224.0,5705.0,11542.0,18480.0,12287.0,15122.0,17093.0,22626.0,22864.0,21081.0,22932.0,9799.0,10835.0,47376.0,7919.0,17723.0,17679.0,22441.0,8577.0,3145.0,39050.0,4922.0,23651.0,83454.0,28659.0,15914.0,37405.0,15837.0,74130.0,22536.0,166855.0,16318.0,8917.0,38477.0,23707.0,10943.1882,9265.0,32542.0,93624.0,6294.0,31521.0,10509.0,22332.0,27651.0,48683.0,10189.0,15296.0,11119.0,15457.0,74077.0,16017.0,60908.0,20769.0,37759.0,1522.0,11021.0,23763.0,8656.0,72025.0,13647.0,31109.0,13821.0,57994.0,122.0,32257.0,12285.0,28695.0,21941.0,25475.0,26277.0,43932.0,38328.0,27486.0,54311.0,107618.0,23048.0,63589.0,95764.0,24854.0,20132.0,15454.0,17123.0,33692.0,50211.0,30233.0,30022.0,20787.0,20250.0,37282.0,14122.0,8742.0,16941.0,9719.0,10239.0,22321.0,38747.0,24821.0,13739.0,16776.0,31259.0,17340.0,21803.0,114777.0,25988.0,20185.0,31091.0,13582.0,9445.0,17442.0,14491.0,10029.0,63568.0,41565.0,27655.0,26300.0,146296.0,249425.0,215284.0,254261.4,52858.0,156707.0,251974.0,79039.0,77505.0,30419.0,56096.0,30453.0,162810.0,17510.0,24018.0,36235.0,19592.0,16643.0,39411.0,39639.0,25641.0,73758.0,24175.0,287168.0,23496.0,27087.0,20368.0,26756.0,77817.0,13031.0,10184.0,15274.0,85956.0,105607.0,73969.0,102095.0,16722.0,39450.0,11312.0,34627.0,37561.41219999999,69194.0,7597.0,28812.0,33045.0,0.0,67615.0,96435.5,42116.0,30611.0,130984.0,36870.0,58488.0,21188.0,16118.0,9777.0,21488.0,22669.0,64271.0,69627.0,43197.0,22420.0,15850.0,22013.0,53244.0,115152.0,64095.0,33044.0,23666.0,37991.0,0.0,19066.0,39664.0,107288.0,1920.0,23650.0,29688.0,66019.0,35152.0,21726.0,10394.0,65271.0,41968.0,17259.0,12168.0,0.0,25880.0,15117.0,24552.0,245096.0,21964.0,72332.0,1550.0,70523.0,13107.0,37254.0,40885.0,48246.0,18609.0,68121.0,17727.0,52224.0,34156.0,28241.0,6052.0,21557.0,24375.0,15392.0,30573.0,13181.0,23399.0,34122.0,47970.0,33244.0,81450.0,1254.0,25669.0,68741.0,61435.0,16936.0,25318.0,17642.0,42894.0,31444.0,58634.0,6144.0,19930.0,46818.0,2584.0,39369.0,16348.0,23535.0,4626.0,2269.0,3025.0,0.0,0.0,0.0,0.0,9197.994799999999,15112.56879,4365.0,6001.046039999999,11991.31604,25292.0,36752.0,38479.0,16978.5,17534.85504,5841.73293,0.0,22102.0,35.0,7297.0,17002.0,33969.0,16130.0,48776.0,24866.0,10365.0,43162.105879999996,33942.0,13268.0,7395.33788,10930.0,6241.0,26854.0,24004.0,10412.0,24257.0,13616.57608,1850.21619,67246.0,23906.0,3009.06956,9965.0,31844.7909,10570.0,8187.02201,11505.0,35136.0,12351.0,27494.0,23319.0,17522.0,38718.599149999995,27326.0,20654.0,11464.36978,10219.0,11365.0,10557.0,16569.0,11858.0,46739.0,17333.46473,11196.0,4943.0,7453.62041,16805.0,25427.300819999997,29369.36594,19845.0,20525.0,17196.0,22263.187270000002,9017.0,15468.0,14194.0,67.0,14431.50878,26991.0,18425.0,31346.0,14524.0,8448.0,10015.0,833.0,11967.0,6988.0,7634.0,7416.0,267.0,17334.643920000002,3284.0,10731.0,8139.0,4068.0,16598.39412,4782.0,9150.0,16116.099449999998,2352.0,9177.0,3142.0,2207.11417,31847.0,7741.0,16405.7657,16541.0,9463.0,4358.0,18438.29163,0.0,0.0,0.0,0.0,0.0,0.0,0.0,0.0,0.0,28956.0,13414.0,3950.0,0.0,7591.1642,4444.0,3657.6823999999997,25319.729600000002,6553.0,3628.0,8251.0,0.0,4862.638999999999,695.0,19105.5522,19640.0,5537.21,2195.439,10694.953199999998,6731.708599999999,8463.0,3256.0,4740.5304,11950.0,3429.0,4700.0,1007.8168000000001,0.0,10840.0,13367.0,4911.0,23326.331,8759.0,0.0,6487.0,1581.983,3526.3717999999994,39677.0752,18851.769599999996,10285.0,1143.0,0.0,0.0,0.0,0.0
2019-10-01,24960.0,34555.0,84330.0,36322.0,45687.0,11266.0,15412.0,3217.0,22024.0,0.0,13539.0,85442.0,36292.0,25251.0,12030.0,87890.0,46451.0,10746.0,28609.74926,18740.218009999997,31137.0,15952.0,23704.90604,33076.0,24910.0,26193.0,16843.0,18822.0,54720.0,18972.0,116230.74072,126247.0,81540.0,60395.0,117700.0,72202.0,49161.0,65881.0,17401.0,40485.0,60320.0,23277.0,32424.0,51969.0,15890.0,14862.0,29957.0,35122.0,26357.0,18285.0,129763.0,38415.0,46923.0,59195.0,19720.0,15949.0,40978.0,35713.0,17046.0,19977.0,19189.0,123932.0,16508.0,25030.0,43730.0,29638.0,23262.0,65187.0,21221.0,19222.0,26465.0,16156.0,21819.0,9995.0,10996.0,29868.0,19791.0,29071.0,37625.0,34096.0,17304.0,18849.0,59052.0,19380.0,22193.0,4960.0,43205.0,48819.0,13894.0,13307.0,24208.0,20422.0,14247.0,649.0,12532.0,29405.0,55375.0,15102.0,6957.0,12142.0,39459.0,34227.0,33724.0,37686.0,15141.0,11667.0,26969.0,19266.0,17106.0,19508.0,20748.0,17123.0,18050.0,29746.0,17962.0,18352.0,16512.0,7677.0,16878.0,16684.0,19727.0,55033.0,19212.84228,8988.0,14384.0,15354.0,36770.0,33999.0,22549.0,46490.0,17338.0,10411.0,3068.0,63650.0,6869.0,7043.0,25029.0,211376.0,79724.0,53058.0,24521.0,25543.0,9811.0,26926.0,19124.0,15557.0,20264.0,42374.0,21877.0,30677.0,58608.0,18970.0,55039.0,78566.0,141549.0,54168.0,13279.0,25406.0,28067.0,24292.0,28569.0,53896.0,44418.0,30079.0,75054.0,16806.0,24701.0,46565.0,14486.0,13080.0,29750.0,45781.0,17224.0,16205.0,12469.0,20813.0,15136.0,15122.0,17093.0,22626.0,22864.0,21540.0,22932.0,10932.0,11927.0,68104.0,23176.0,17723.0,20141.0,24621.0,14321.0,14809.0,39095.0,10634.0,23651.0,83685.0,30587.0,15914.0,37405.0,15837.0,74619.0,22536.0,166855.0,20281.0,12627.0,39405.0,23924.0,15666.466,14818.0006,32742.0,93624.0,11715.0,33128.0,10509.0,22332.0,27651.0,48683.0,11890.0,15296.0,20961.0,42220.0,74077.0,20605.0,65739.0,21053.0,41898.0,10229.0,27540.0,27436.0,11954.0,81569.0,20735.0,37207.0,19291.0,57994.0,3501.0,35231.0,14685.0,28695.0,22797.0,25475.0,27716.0,43932.0,42621.0,28008.0,54311.0,107618.0,27471.0,70791.0,98778.0,26068.0,21906.0,16439.0,18622.0,33692.0,50211.0,30233.0,30022.0,20787.0,20250.0,37282.0,15194.0,14480.0,16941.0,13373.0,15838.0,22321.0,38747.0,24821.0,16524.0,25947.0,50044.0,18408.0,22312.0,118280.0,25988.0,20185.0,31091.0,16727.0,12157.0,17442.0,15773.0,11909.0,65169.0,55045.0,30543.0,28022.0,147188.0,249425.0,215284.0,254261.4,58251.0,157412.0,270656.0,79039.0,86652.0,30419.0,56096.0,34296.0,165654.0,21691.0,24018.0,36235.0,19592.0,17024.0,44772.0,40006.0,28226.0,76854.0,24994.0,287168.0,24081.0,27674.0,21572.0,26756.0,80265.0,15018.0,11114.0,17149.0,85956.0,141991.0,76787.0,102095.0,16722.0,46567.0,13076.0,34627.0,39891.19959999999,75811.0,11861.0,28812.0,33045.0,0.0,67615.0,98614.5,46338.0,30611.0,130984.0,38239.0,63052.0,29824.0,16118.0,13958.0,21488.0,23998.0,64271.0,72249.0,43197.0,22420.0,23955.0,22013.0,62132.0,115152.0,66583.0,33044.0,23666.0,38103.0,0.0,19066.0,39664.0,107288.0,4396.0,24836.0,31088.0,66019.0,35152.0,21726.0,14212.0,65271.0,41968.0,17259.0,15379.0,16754.0,27426.0,18146.0,26012.0,245096.0,30777.0,72332.0,8274.0,70523.0,13640.0,37254.0,43336.0,48262.0,25384.0,68121.0,20908.0,52692.0,34156.0,28241.0,6052.0,21557.0,25321.0,16540.0,31305.0,17387.0,23399.0,34122.0,48537.0,35838.0,81450.0,8741.0,25669.0,71275.0,61435.0,16936.0,31254.0,17642.0,47921.0,32549.0,59080.0,8058.0,19930.0,54312.0,7151.0,39369.0,19972.0,23535.0,4626.0,16120.0,7756.0,0.0,0.0,0.0,0.0,12484.007419999998,29298.659630000002,8761.0,15901.284959999999,16481.316039999998,33917.0,47254.0,64928.0,16978.5,22703.735179999996,10973.46195,1544.98641,30811.0,35.0,13487.0,28870.0,51879.0,18999.0,59025.0,29937.0,13561.0,57059.13522,37194.0,15843.0,9600.83948,16738.0,9171.0,34611.0,33261.0,18206.0,26400.0,22898.468679999998,3510.44553,71779.0,30016.0,9242.76923,10935.0,40595.50023,14153.0,13075.095860000001,16309.0,57586.0,14652.0,29680.0,36331.0,19028.0,38718.599149999995,30286.0,26063.0,22395.3201,14936.0,11734.0,12534.0,24366.0,15374.0,53188.0,17333.46473,15703.0,5346.0,13933.361270000001,16805.0,33904.87423,34428.779089999996,21856.0,27165.0,20656.0,31098.64398,15081.0,21563.0,16207.0,31508.99967,30005.46443,43609.0,20237.0,51184.0,23272.0,10627.0,16864.0,3717.0,14581.0,12416.0,8621.0,15276.0,10146.42054,19822.66081,6350.0,14457.0,11888.0,9997.0,25963.248960000004,15931.0,9536.0,16116.099449999998,6539.0,10766.0,3142.0,2403.4447,33264.0,25322.0,16405.7657,28641.0,12865.0,6654.0,18438.29163,1773.0,18806.38969,29247.1063,11138.0,904.0,20163.80619,2523.0,0.0,0.0,52124.0,21109.0,8228.0,0.0,27618.5928,8980.0,26930.8166,56147.5606,14120.0,11300.0,23806.0016,0.0,17336.4666,5774.0,26226.0794,36424.0,10273.551,9517.9032,39725.0688,10675.395799999998,8463.0,7171.0,12303.575799999999,16426.0,3429.0,7445.0,38067.1136,28161.0,16470.0,23453.0,5054.0,23326.331,8759.0,16989.7306,10953.0,12468.8266,6626.324199999999,47163.740399999995,18851.769599999996,20953.0,1143.0,5167.366599999999,10463.759,12714.0,0.0
2019-11-01,24960.0,36658.0,85029.0,36322.0,46079.0,30434.0,16558.0,11221.0,22024.0,23.0,14452.0,85442.0,36292.0,25539.0,22007.0,87890.0,46451.0,18745.0,32308.74926,35931.39857,31825.0,17058.0,24446.51537,34825.0,25055.0,27797.0,16843.0,19078.0,54720.0,18972.0,117102.24207000001,131872.0,81540.0,63762.0,121602.0,74184.0,62201.0,66153.0,17674.0,40485.0,61188.0,23277.0,41213.0,57348.0,33772.0,25505.0,32492.0,37168.0,28921.0,19427.0,129763.0,38565.0,49373.0,62679.0,34605.0,19235.0,42203.0,38011.0,17788.0,20424.0,20783.0,123932.0,17318.0,26283.0,44286.0,32082.0,32469.0,72220.0,31501.0,20847.0,26465.0,17450.0,24013.0,17167.0,14573.0,29868.0,20608.0,33203.0,37625.0,37707.0,17304.0,18849.0,59052.0,24853.0,23987.0,6649.0,45402.0,48819.0,20713.0,15612.0,25354.0,22433.0,16242.0,1648.0,18204.0,30050.0,55375.0,15454.0,19507.0,14857.0,43910.0,34227.0,38243.0,37686.0,17498.0,12238.0,46363.0,19266.0,17106.0,20206.0,21064.0,17123.0,28924.0,29746.0,21631.0,18847.0,16512.0,8946.0,21817.0,16684.0,19727.0,57337.0,19212.84228,10434.0,20547.0,15354.0,51867.0,46682.0,34731.0,60089.0,47251.0,23204.0,10909.0,63650.0,15761.0,10841.0,34691.0,211376.0,79724.0,56260.0,29495.0,31573.0,13365.0,28554.0,24059.0,15557.0,23999.0,42374.0,21900.0,33843.0,62425.0,18970.0,61417.0,81304.0,141549.0,56061.0,15503.0,28894.0,28282.0,24292.0,32878.0,55095.0,47500.0,30967.0,75054.0,17810.0,30267.0,46565.0,15794.0,17483.0,40219.0,51304.0,17224.0,19721.0,13849.0,20813.0,15136.0,15122.0,17093.0,23582.0,22864.0,21540.0,28552.0,14402.0,12631.0,70608.0,29630.0,17723.0,25093.0,26023.0,21084.0,17441.0,39095.0,12980.0,23651.0,83685.0,31941.0,17873.0,37405.0,15837.0,76806.0,24411.0,166855.0,21246.0,17761.0,39592.0,24236.0,17115.089,24401.338,32742.0,93624.0,15398.0,33327.0,16422.0,22519.0,27651.0,48683.0,19614.0,15296.0,23033.6778,56828.0,74077.0,22454.0,67117.0,22265.0,48343.0,17574.0,35221.0,27596.0,23705.0,84150.0,25127.0,50656.0,22217.0,57994.0,27705.0,39190.0,15783.0,28695.0,24112.0,25475.0,42227.0,43932.0,56363.0,31788.0,54311.0,107618.0,28753.0,72208.0,98850.0,26153.0,22410.0,16563.0,18622.0,33692.0,50211.0,30233.0,30022.0,20787.0,20250.0,37282.0,17293.0,15349.0,16941.0,15211.0,17990.0,23009.0,38747.0,24821.0,22619.0,36266.0,51406.0,19493.0,23145.0,126513.0,25988.0,20185.0,31091.0,18218.0,12157.0,19682.0,17507.0,21533.0,65169.0,59365.0,32789.0,28022.0,147188.0,249425.0,219686.0,256113.4,60571.0,158719.0,274288.0,79039.0,99968.0,30419.0,56096.0,36393.0,165654.0,28473.0,35113.0,36235.0,19592.0,17024.0,48016.0,43942.0,36396.0,76854.0,26355.0,287168.0,25439.0,35891.0,21572.0,26756.0,80265.0,21318.0,29309.0,18948.0,85956.0,143639.0,80550.0,102095.0,16722.0,47839.0,14962.0,34627.0,39891.19959999999,77692.0,17338.0,28812.0,33045.0,54096.0,67615.0,98614.5,46338.0,30611.0,143605.0,55452.0,73209.0,43734.0,16118.0,19948.0,21488.0,23998.0,64271.0,74539.0,43197.0,27892.0,26164.0,22013.0,66671.0,125609.0,73480.0,33044.0,23666.0,38702.0,5275.0,19066.0,39664.0,107311.0,4396.0,24836.0,47191.0,66019.0,35152.0,25481.0,23945.0,65271.0,41968.0,17259.0,15379.0,16754.0,27808.0,19148.0,26663.0,245096.0,36584.0,72332.0,9848.0,70523.0,13825.0,37254.0,43336.0,48528.0,38887.0,68121.0,24085.0,52692.0,34156.0,28241.0,6052.0,26091.0,25457.0,18260.0,32045.0,19068.0,23399.0,39668.0,49832.0,35838.0,81450.0,40313.0,28493.0,71275.0,61435.0,16936.0,39113.0,17642.0,60938.0,38792.0,59080.0,15034.0,19930.0,58167.0,11028.0,39369.0,23198.0,23535.0,5298.0,21193.0,19470.0,23748.0,44353.0,29505.0,283.0,15063.259369999998,50588.92771,18145.0,27183.946020000003,16655.316039999998,37138.0,51702.0,73617.0,16978.5,35654.88593999999,38693.46195,13022.71956,39142.0,35.0,16105.0,39952.0,56396.0,20556.0,64154.0,35197.0,16979.0,69509.56304,37663.0,19633.0,16480.67707,23899.0,13425.0,37673.0,44632.0,28036.0,26400.0,36520.818459999995,15681.51774,71779.0,33720.0,16532.689010000002,13169.0,43885.645769999996,16439.0,21489.14348,20034.0,72471.0,17022.0,31290.0,43464.0,19241.0,38718.599149999995,31421.0,30710.0,35152.66657,16324.0,13334.0,12645.0,32322.0,19473.0,53578.0,25997.04427,17532.0,12206.0,28182.314850000002,16805.0,46303.15109,48347.10626,24434.0,29323.0,24366.0,32365.4155,18899.0,26864.0,17322.0,31508.99967,46442.80832,54530.0,20237.0,62755.0,26052.0,15619.0,19222.0,24117.0,17189.0,21723.44354,12559.0,15276.0,10146.42054,23806.45447,12699.0,46790.0,19613.0,16422.0,28491.490460000005,37457.0,34142.0,16116.099449999998,9571.0,15739.0,3142.0,19455.75062,33264.0,28452.0,16405.7657,29684.0,14005.0,12132.0,18438.29163,12234.0,24215.0401,29247.1063,11138.0,904.0,20163.80619,9293.0,1430.29326,21979.33315,62836.0,25641.0,20078.0,7553.0,38587.336599999995,15895.0,28962.2228,79961.9892,18728.0,12045.0,38289.0016,3155.0,26095.8848,12001.0,38220.232599999996,47108.0,11056.555999999999,15261.042800000001,50360.498,19182.0864,8463.0,18421.0,25174.699399999998,23097.0,8868.0,11704.0,40585.8696,52216.0,16470.0,26697.0,10719.0,23326.331,15334.1036,17412.1484,13955.0,18620.0152,8883.4422,47163.740399999995,26126.802749999995,20953.0,5788.0,20364.7388,67348.068,20359.0,18260.318
